Symbol,Name
TSM,Taiwan Semiconductor Manufacturing Co Ltd ADR
LLY,Eli Lilly and Co
JPM,JPMorgan Chase & Co
BRK.B,Berkshire Hathaway Inc Class B
XOM,Exxon Mobil Corp
V,Visa Inc
JNJ,Johnson & Johnson
ORCL,Oracle Corp
MA,Mastercard Inc
CAT,Caterpillar Inc
CVX,Chevron Corp
ABBV,AbbVie Inc
BRK.A,Berkshire Hathaway Inc Class A
BAC,Bank of America Corp
UNH,UnitedHealth Group Inc
KO,Coca-Cola Co
PG,Procter & Gamble Co
MS,Morgan Stanley
HSBC,HSBC Holdings PLC ADR
GE,General Electric Co
BABA,Alibaba Group Holding Ltd ADR
HD,Home Depot Inc
MRK,Merck & Co Inc
PM,Philip Morris International Inc
GS,Goldman Sachs Group Inc
AZN,AstraZeneca PLC
NVS,Novartis AG ADR
SMFG,Sumitomo Mitsui Financial Group  Inc ADR
GEV,GE Vernova Inc
RY,Royal Bank of Canada
SHEL,Shell PLC ADR
IBM,International Business Machines Corp
RTX,RTX Corp
WFC,Wells Fargo & Co
TM,Toyota Motor Corp ADR
MUFG,Mitsubishi UFJ Financial Group Inc ADR
BHP,BHP Group Ltd ADR
C,Citigroup Inc
AXP,American Express Co
TTE,TotalEnergies SE
SAP,SAP SE ADR
VZ,Verizon Communications Inc
MCD,McDonald's Corp
ANET,Arista Networks Inc
DELL,Dell Technologies Inc
TD,Toronto-Dominion Bank
NEE,Nextera Energy Inc
DIS,Walt Disney Co
T,AT&T Inc
TJX,TJX Companies Inc
BLK,BlackRock Inc
SAN,Banco Santander  S.a ADR
BA,Boeing Co
GLW,Corning Inc
TMO,Thermo Fisher Scientific Inc
APH,Amphenol Corp
UNP,Union Pacific Corp
SCHW,Charles Schwab Corp
UBS,UBS Group AG
ABT,Abbott Laboratories
WELL,Welltower Inc
ETN,Eaton Corporation PLC
NVO,Novo Nordisk A/S ADR
SCCO,Southern Copper Corp
PFE,Pfizer Inc
CRM,Salesforce Inc
COP,ConocoPhillips
UBER,Uber Technologies Inc
BUD,Anheuser-Busch Inbev SA ADR
DE,Deere & Co
BTI,British American Tobacco P.l.c ADR
BX,Blackstone Inc
PLD,Prologis Inc
RIO,Rio Tinto PLC ADR
SONY,Sony Group Corp ADR
CB,Chubb Limited
HDB,HDFC Bank Ltd ADR
ENB,Enbridge Inc
BBVA,Banco Bilbao Vizcaya Argentaria SA ADR
VRT,Vertiv Holdings Co
UL,Unilever PLC ADR
SPGI,S&P Global Inc
MO,Altria Group Inc
LMT,Lockheed Martin Corp
DHR,Danaher Corp
BMY,Bristol-Myers Squibb Co
SYK,Stryker Corp
LOW,Lowe's Companies Inc
CVS,CVS Health Corp
COF,Capital One Financial Corp
PGR,Progressive Corp
BP,BP PLC ADR
NEM,Newmont Corporation
BMO,Bank of Montreal
MFG,Mizuho Financial Group Inc ADR
BN,Brookfield Corp
ACN,Accenture PLC
PH,Parker-Hannifin Corp
SPOT,Spotify Technology SA
PWR,Quanta Services Inc
CM,Canadian Imperial Bank of Commerce
SO,Southern Co
NOW,ServiceNow Inc
GSK,GSK plc ADR
HWM,Howmet Aerospace Inc
CNQ,Canadian Natural Resources Ltd
MDT,Medtronic PLC
TT,Trane Technologies PLC
BNS,Bank of Nova Scotia
DUK,Duke Energy Corp
EQNR,Equinor ASA ADR
WMB,Williams Companies Inc
BNY,Bank of New York Mellon Corp
FDX,FedEx Corp
IBN,ICICI Bank Ltd ADR
GD,General Dynamics Corp
MCK,McKesson Corp
FCX,Freeport-McMoRan Inc
AEM,Agnico Eagle Mines Ltd
ING,ING Groep NV ADR
CMI,Cummins Inc
PNC,PNC Financial Services Group Inc
WM,Waste Management Inc
HCA,HCA Healthcare Inc
NOK,Nokia Oyj ADR
ICE,Intercontinental Exchange Inc
NGG,National Grid PLC ADR
BE,Bloom Energy Corp
BSX,Boston Scientific Corp
UPS,United Parcel Service Inc
EPD,Enterprise Products Partners Units
ELV,Elevance Health Inc
AMT,American Tower Corp
SLB,SLB NV
USB,US Bancorp
KKR,KKR & Co Inc
JCI,Johnson Controls International PLC
CIEN,Ciena Corp
BCS,Barclays PLC ADR
E,Eni SpA ADR
SU,Suncor Energy Inc (Canada)
MMM,3M Co
MRSH,Marsh & McLennan Companies Inc
NOC,Northrop Grumman Corp
AMX,America Movil SAB de CV ADR
BAM,BROOKFIELD ASSET MANAGEMENT LTD
MCO,Moody's Corp
LYG,Lloyds Banking Group PLC ADR
CP,Canadian Pacific Kansas City Ltd
EMR,Emerson Electric Co
NET,Cloudflare Inc
ASX,ASE Technology Holding Co Ltd ADR
SHW,Sherwin-Williams Co
CI,Cigna Group
EOG,EOG Resources Inc
KMI,Kinder Morgan Inc
CVNA,Carvana Co
MPC,Marathon Petroleum Corp
APO,Apollo Global Management Inc
PBR,Petroleo Brasileiro ADR Reptg 2
TRP,TC Energy Corp
COHR,Coherent Corp
VLO,Valero Energy Corp
HLT,Hilton Worldwide Holdings Inc
ITW,Illinois Tool Works Inc
CL,Colgate-Palmolive Co
ECL,Ecolab Inc
PSX,Phillips 66
GM,General Motors Co
NSC,Norfolk Southern Corp
VALE,Vale SA ADR
CNI,Canadian National Railway Co
AON,Aon PLC
ET,Energy Transfer Units
RCL,Royal Caribbean Cruises Ltd
B,Barrick Mining Corp
TDG,TransDigm Group Inc
RACE,Ferrari NV
DLR,Digital Realty Trust Inc
CRH,CRH PLC
MSI,Motorola Solutions Inc
SPG,Simon Property Group Inc
NKE,Nike Inc
TRV,Travelers Companies Inc
APD,Air Products and Chemicals Inc
FIX,Comfort Systems USA Inc
MFC,Manulife Financial Corp
RSG,Republic Services Inc
NWG,NatWest Group PLC ADR
DB,Deutsche Bank AG
NU,Nu Holdings Ltd.
SRE,Sempra
TFC,Truist Financial Corp
AFL,Aflac Inc
SNOW,Snowflake Inc
D,Dominion Energy Inc
F,Ford Motor Co
STM,STMicroelectronics NV ADR
TRGP,Targa Resources Corp
KEYS,Keysight Technologies Inc
OKE,ONEOK Inc
TEL,TE Connectivity PLC
GWW,WW Grainger Inc
URI,United Rentals Inc
RELX,Relx PLC ADR
OXY,Occidental Petroleum Corp
LHX,L3harris Technologies  Inc
O,Realty Income Corp
WPM,Wheaton Precious Metals Corp
MPLX,MPLX Common Units
TGT,Target Corp
CVE,Cenovus Energy Incorporation
AZO,Autozone Inc
ALL,Allstate Corp
DVN,Devon Energy Corp
MET,MetLife Inc
PSA,Public Storage
COR,Cencora Inc
SE,Sea Ltd ADR
CTVA,Corteva Inc
AJG,Arthur J. Gallagher & Co.
NUE,Nucor Corp
VST,Vistra Corp
CARR,Carrier Global Corp
ETR,Entergy Corp
AME,AMETEK Inc
TAK,Takeda Pharmaceutical Co Ltd ADR
INFY,Infosys Ltd ADR
LNG,Cheniere Energy Inc
ROK,Rockwell Automation Inc
MT,ArcelorMittal SA ADR
DAL,Delta Air Lines Inc
ABEV,Ambev SA ADR
EW,Edwards Lifesciences Corp
PBR.A,Petroleo Brasileiro ADR Reptg 2 Pref Shs
DEO,Diageo PLC ADR
CAH,Cardinal Health Inc
GRMN,Garmin Ltd
UMC,United Microelectronics Corp ADR
AU,Anglogold Ashanti PLC
HPE,Hewlett Packard Enterprise Co
CCJ,Cameco Corp
FNV,Franco-Nevada Corp
WAB,Westinghouse Air Brake Technologies Corp
FERG,Ferguson Enterprises Inc
WDS,Woodside Energy Group Ltd ADR
VTR,Ventas Inc
MSCI,MSCI Inc
IX,ORIX Corp ADR
YUM,Yum! Brands Inc
STT,State Street Corp
ITUB,Itau Unibanco Holding SA ADR
CLS,Celestica Inc
CMG,Chipotle Mexican Grill Inc
KR,Kroger Co
HLN,Haleon PLC ADR
ARES,Ares Management Corp
AIG,American International Group Inc
DHI,D.R. Horton Inc
BDX,Becton Dickinson and Co
AMP,Ameriprise Financial Inc
XYZ,Block Inc
SLF,Sun Life Financial Inc
TFIN PR,Triumph Financial 40 Dep Shs Repstg 1 Perp Non Cum 7 125  Pref Shs Series C
ED,Consolidated Edison Inc
CCI,Crown Castle Inc
TEVA,Teva Pharmaceutical Industries Limited.. ADR
PEG,Public Service Enterprise Group Inc
WCN,Waste Connections  Inc
HSY,Hershey Co
RKT,Rocket Companies Inc
LYV,Live Nation Entertainment Inc
PUK,Prudential PLC ADR
JBL,Jabil Inc
CBRE,CBRE Group Inc
EME,EMCOR Group Inc
IRM,Iron Mountain Inc
VIK,Viking Holdings Ltd(Pembroke)
ADM,Archer-Daniels-Midland Co
HIG,Hartford Insurance Group Inc
KB,KB Financial Group Inc ADR
HUM,Humana Inc
UI,Ubiquiti Inc
WEC,WEC Energy Group Inc
TKO,TKO Group Holdings Inc
SYY,Sysco Corp
PCG,PG&E Corp
EQT,EQT Corp
PRU,Prudential Financial Inc
GFI,Gold Fields Ltd ADR
HAL,Halliburton Co
VG,Venture Global Inc
HMC,Honda Motor Co Ltd ADR
ZTS,Zoetis Inc
CHT,Chunghwa Telecom Co Ltd ADR
ALC,Alcon AG
VMC,Vulcan Materials Co
KGC,Kinross Gold Corp
NTR,Nutrien Ltd
KVUE,Kenvue Inc
RBLX,Roblox Corp
WAT,Waters Corp
Q,Qnity Electronics Inc
LVS,Las Vegas Sands Corp
A,Agilent Technologies Inc
MLM,Martin Marietta Materials Inc
CCL,Carnival Corp
SUNB,Sunbelt Rentals Holdings Inc
EL,Estee Lauder Companies Inc
MTB,M&T Bank Corp
VICI,VICI Properties Inc
TS,Tenaris SA ADR
SHG,Shinhan Financial Group Co Ltd ADR
AEE,Ameren Corp
CQP,Cheniere Energy Partners Units
EXR,Extra Space Storage Inc
DTE,DTE Energy Co
TECK,Teck Resources Ltd
MTZ,MasTec Inc
RMD,Resmed Inc
ATO,Atmos Energy Corp
RJF,Raymond James Financial Inc
CNC,Centene Corp
NRG,NRG Energy Inc
P,Everpure Inc
CPNG,Coupang Inc
PBA,Pembina Pipeline Corp
FICO,Fair Isaac Corp
FTS,Fortis Inc
TDY,Teledyne Technologies Inc
TWLO,Twilio Inc
EC,Ecopetrol SA ADR
FTI,TechnipFMC PLC
DOV,Dover Corp
CRCL,Circle Internet Group Inc
IQV,IQVIA Holdings Inc
CNP,CenterPoint Energy Inc
TPR,Tapestry Inc
OTIS,Otis Worldwide Corp
IR,Ingersoll Rand Inc
TPL,Texas Pacific Land Corp
AMRZ,Amrize AG
EIX,Edison International
PPL,PPL Corp
RDDT,Reddit Inc
CW,Curtiss-Wright Corp
FE,FirstEnergy Corp
NVT,nVent Electric PLC
CFG,Citizens Financial Group Inc
BAP,Credicorp Ltd
AVB,AvalonBay Communities Inc
ES,Eversource Energy
XYL,Xylem Inc
QSR,Restaurant Brands International Inc
VEEV,Veeva Systems Inc
DOW,Dow Inc
STZ,Constellation Brands Inc
ROL,Rollins Inc
PHG,Koninklijke Philips NV ADR
FN,Fabrinet
WRB,W. R. Berkley Corp
HUBB,Hubbell Inc
EQR,Equity Residential
AWK,American Water Works Co Inc
SYF,Synchrony Financial
FMX,Fomento Economico Mexicano SAB de CV ADR
PPG,PPG Industries Inc
XPO,XPO Inc
IONQ,IONQ Inc
RF,Regions Financial Corp
NMR,Nomura Holdings Inc ADR
BG,Bunge Global SA
KEY,KeyCorp
DRI,Darden Restaurants Inc
DG,Dollar General Corp
MKL,Markel Group Inc
HPQ,HP Inc
CMS,CMS Energy Corp
NI,NiSource Inc
BCE,BCE Inc
IHG,InterContinental Hotels Group PLC ADR
TSN,Tyson Foods Inc
CHD,Church & Dwight Co Inc
CPAY,Corpay Inc
PAAS,Pan American Silver Corp
WSM,Williams-Sonoma Inc
PKX,Posco Holdings Inc ADR
FIS,Fidelity National Information Services Inc
LYB,Lyondellbasell Industries N.v
RL,Ralph Lauren Corp
L,Loews Corp
WST,West Pharmaceutical Services Inc
MTD,Mettler-toledo International Inc
PHM,Pultegroup Inc
ATI,ATI Inc
STLA,Stellantis NV
AER,AerCap Holdings NV
DGX,Quest Diagnostics Inc
CRS,Carpenter Technology Corp
VIV,Telefonica Brasil SA ADR
OMC,Omnicom Group Inc
VLTO,Veralto Corp
LH,Labcorp Holdings Inc
AXIA,Axia Energia SA ADR
STE,STERIS plc
WIT,Wipro Ltd ADR
ULS,UL Solutions Inc
EXPD,Expeditors International of Washington Inc
DKS,DICK'S Sporting Goods Inc
BSBR,Banco Santander Brasil SA ADR
AS,Amer Sports Inc
BURL,Burlington Stores Inc
ALB,Albemarle Corp
GPN,Global Payments Inc
LUV,Southwest Airlines Co
SW,Smurfit WestRock PLC
SBS,Companhia de Saneamento Basico do Estado de Sao Paulo - SABESP ADR
TU,Telus Corporation
BRO,Brown & Brown Inc
BEKE,KE Holdings Inc ADR
MAIR,Madison Air Solutions Corp
DD,Dupont De Nemours Inc
EFX,Equifax Inc
RBA,RB Global Inc
PKG,Packaging Corp of America
IFF,International Flavors & Fragrances Inc
LEN,Lennar Corp Class A
SNX,TD Synnex Corp
CX,Cemex SAB de CV ADR
SNA,Snap-On Inc
BCH,Banco de Chile ADR
HEI.A,HEICO Corp Class A
YPF,YPF SA ADR
AA,Alcoa Corp
RS,Reliance Inc
CF,CF Industries Holdings Inc
BWXT,BWX Technologies Inc
BBD,Banco Bradesco ADR Reptg 1 Pref Shs
BIP,Brookfield Infrastructure Partners Units
CDE,Coeur Mining  Inc
IOT,Samsara Inc
WES,Western Midstream Partners Common Units
APG,APi Group Corp
FTV,Fortive Corp
GIS,General Mills Inc
MGA,Magna International Inc
ESS,Essex Property Trust Inc
AMCR,Amcor PLC
USFD,US Foods Holding Corp
RBC,RBC Bearings Inc
WCC,Wesco International Inc
ZTO,ZTO Express (Cayman) Inc ADR
ITT,ITT Inc
BR,Broadridge Financial Solutions Inc
INVH,Invitation Homes Inc
PR,Permian Resources Corp
WY,Weyerhaeuser Co
FLUT,Flutter Entertainment PLC
LII,Lennox International Inc
KEP,Korea Electric Power Corp ADR
OVV,Ovintiv Inc
HEI,HEICO Corp
WPC,W.p. Carey Inc
IP,International Paper Co
ZBH,Zimmer Biomet Holdings  Inc
DOCN,DigitalOcean Holdings Inc
H,Hyatt Hotels Corp
BBDO,Banco Bradesco ADS Representing 1 Ord Shs
NVR,NVR Inc
KIM,Kimco Realty Corp
EMA,Emera Inc
TLK,Telkom Indonesia (Persero) Tbk PT ADR
BEN,Franklin Resources Inc
AGI,Alamos Gold Inc
TXT,Textron Inc
SN,Sharkninja Inc
RTO,Rentokil Initial PLC ADR
NLY,Annaly Capital Management Inc
RCI,Rogers Communications Inc
OWL,Blue Owl Capital Inc
GNRC,Generac Holdings Inc
LDOS,Leidos Holdings Inc
PL,Planet Labs PBC
SUI,Sun Communities Inc
YUMC,Yum China Holdings Inc
WF,Woori Financial Group Inc ADR
IEX,IDEX Corp
DTM,DT Midstream Inc
MAA,Mid-America Apartment Communities Inc
CLH,Clean Harbors Inc
DECK,Deckers Outdoor Corp
BALL,Ball Corp
THC,Tenet Healthcare Corp
XPEV,Xpeng Inc ADR
MLI,Mueller Industries Inc
PFGC,Performance Food Group Co
PNFP,Pinnacle Financial Partners Inc
JBS,Jbs NV
BSAC,Banco Santander Chile ADR
FPS,Forgent Power Solutions  Inc
SKM,SK Telecom Co Ltd ADR
SUN,Sunoco Common Units
LTM,LATAM Airlines Group SA ADR
EVR,Evercore Inc
PS,Pershing Square Inc
OHI,Omega Healthcare Investors  Inc
GIB,CGI Inc
SGI,Somnigroup International Inc
RGA,Reinsurance Group of America Inc
EG,Everest Group Ltd
TME,Tencent Music Entertainment Group ADR
MOD,Modine Manufacturing Co
RBRK,Rubrik Inc
TRU,TransUnion
DOC,Healthpeak Properties  Inc
MAS,Masco Corp
J,Jacobs Solutions Inc
JLL,Jones Lang LaSalle Inc
CSL,Carlisle Companies Inc
UNM,Unum Group
BWA,Borgwarner Inc
ARMK,Aramark
GPC,Genuine Parts Co
TOST,Toast Inc
RRX,Regal Rexnord Corp
SOLV,Solventum Corp
ONON,On Holding AG
TYL,Tyler Technologies Inc
WSO,Watsco Inc
FNF,Fidelity National Financial Inc
ONTO,Onto Innovation Inc
SNN,Smith & Nephew PLC ADR
BBY,Best Buy Co Inc
ALLY,Ally Financial Inc
AEG,Aegon Ltd ADR
PEN,Penumbra Inc
GFL,GFL Environmental Inc
DVA,DaVita Inc
NIO,NIO Inc ADR
RNR,Renaissancere Holdings Ltd
RPM,RPM International Inc
CRBG,Corebridge Financial Inc
HII,Huntington Ingalls Industries Inc
AIZ,Assurant Inc
DINO,HF Sinclair Corp
TOL,Toll Brothers Inc
GGG,Graco Inc
CNH,CNH Industrial NV
PNW,Pinnacle West Capital Corp
UDR,UDR Inc
DY,Dycom Industries Inc
ELS,Equity LifeStyle Properties Inc
AVY,Avery Dennison Corp
TFII,TFI International Inc
MKC,McCormick & Co Non-Voting Ord Shs
APTV,APTIV PLC
GL,Globe Life Inc
NYT,New York Times Co
PNR,Pentair PLC
QXO,QXO Inc
JHX,James Hardie Industries PLC
DT,Dynatrace  Inc
FIG,Figma Inc
IVZ,Invesco Ltd
EQH,Equitable Holdings Inc
GDDY,GoDaddy Inc
CNA,CNA Financial Corp
SWK,Stanley Black & Decker Inc
GWRE,Guidewire Software Inc
FMS,Fresenius Medical Care AG ADR
HRL,Hormel Foods Corp
AMH,American Homes 4 Rent
WBS,Webster Financial Corp
GMED,Globus Medical Inc
CLX,Clorox Co
FHN,First Horizon Corp
BLD,TopBuild Corp
MP,MP Materials Corp
OKLO,Oklo Inc
SQM,Sociedad Quimica y Minera de Chile SA ADR
KNX,Knight-Swift Transportation Holdings Inc
HL,Hecla Mining Co
AR,Antero Resources Corp
AFG,American Financial Group Inc
WLK,Westlake Corp
AIT,Applied Industrial Technologies Inc
RDY,Dr Reddy's Laboratories Ltd ADR
ALLE,Allegion PLC
U,Unity Software Inc
SF,Stifel Financial Corp
ARW,Arrow Electronics Inc
CACI,CACI International Inc
BJ,BJ's Wholesale Club Holdings Inc
EGP,Eastgroup Properties Inc
SJM,J.M. Smucker Co
BEP,Brookfield Renewable Partners Non Voting Units
CCK,Crown Holdings Inc
GIL,Gildan Activewear Inc
TIMB,Tim SA ADR
HMY,Harmony Gold Mining Company Ltd ADR
QBTS,D-Wave Quantum Inc
ELAN,Elanco Animal Health Inc
PAG,Penske Automotive Group Inc
RVTY,Revvity Inc
PINS,Pinterest Inc
CPT,Camden Property Trust
JOBY,Joby Aviation Inc
IT,Gartner Inc
SCI,Service Corporation International
JEF,Jefferies Financial Group Inc
WTRG,Essential Utilities Inc
HLI,Houlihan Lokey Inc
AM,Antero Midstream Corp
AES,AES Corp
EHC,Encompass Health Corp
SPXC,SPX Technologies Inc
CR,Crane Co
FRT,Federal Realty Investment Trust
HUBS,HubSpot Inc
PAC,Grupo Aeroportuario del Pacifico SAB de CV ADR
SUZ,Suzano SA ADR
EMBJ,Embraer SA ADR
WMS,Advanced Drainage Systems Inc
BMNR,Bitmine Immersion Technologies Inc
WTS,Watts Water Technologies Inc
MUSA,Murphy USA Inc
OGE,OGE Energy Corp
VMI,Valmont Industries Inc
GTLS,Chart Industries Inc
ESI,Element Solutions Inc
BAX,Baxter International Inc
GME,GameStop Corp
MICC,Magnum Ice Cream Company NV
MGM,MGM Resorts International
CTRE,CareTrust REIT Inc
LUMN,Lumen Technologies Inc
DCI,Donaldson Company Inc
HBM,Hudbay Minerals Inc
AHR,American Healthcare REIT Inc
RRC,Range Resources Corp
BXP,BXP Inc
MOH,Molina Healthcare Inc
AG,First Majestic Silver Corp
ORI,Old Republic International Corp
UHS,Universal Health Services Inc
IAG,IAMGOLD Corp
BAH,Booz Allen Hamilton Holding Corp
SNAP,Snap Inc
BRX,Brixmor Property Group Inc
OC,Owens Corning
R,Ryder System Inc
CAVA,CAVA Group Inc
DAR,Darling Ingredients Inc
SSB,SouthState Bank Corp
BVN,Compania de Minas Buenaventura SAA ADR
CNM,Core & Main Inc
PSO,Pearson PLC ADR
BROS,Dutch Bros Inc
ASR,Grupo Aeroportuario del Sureste SAB de CV ADR
YMM,Full Truck Alliance Co Ltd ADR
TX,Ternium SA ADR
ACM,AECOM
AGX,Argan Inc
ALV,Autoliv Inc
ALSN,Allison Transmission Holdings Inc
CUBE,CubeSmart
MOG.A,Moog Inc Class A
ADC,Agree Realty Corp
FLS,Flowserve Corp
SARO,StandardAero  Inc.
W,Wayfair Inc
KT,KT Corp ADR
TTC,Toro Co
DDS,Dillard's Inc
CFR,Cullen/Frost Bankers Inc
STN,Stantec Inc
PRI,Primerica Inc
AYI,Acuity Inc
ELPC,Companhia Paranaense de Energia ADR
CHWY,Chewy Inc
RYAN,Ryan Specialty Holdings Inc
WAL,Western Alliance Bancorp
NNN,NNN REIT Inc
GAP,Gap Inc
PRMB,Primo Brands Corp
MSGS,Madison Square Garden Sports Corp
KRMN,Karman Holdings Inc
ENS,EnerSys
EMN,Eastman Chemical Co
LEVI,Levi Strauss & Co
SSL,Sasol Ltd ADR
FDS,Factset Research Systems Inc
ARE,Alexandria Real Estate Equities  Inc
FR,First Industrial Realty Trust Inc
HESM,Hess Midstream LP
ICL,ICL Group Ltd
TKR,Timken Co
UHAL.B,U-Haul Holding Co Series N
NE,Noble Corporation PLC
FRO,Frontline PLC
KNTK,Kinetik Holdings Inc
ORA,Ormat Technologies Inc
AGCO,AGCO Corp
REXR,Rexford Industrial Realty Inc
VIRT,Virtu Financial Inc
SM,SM Energy Co
SBSW,Sibanye Stillwater Ltd ADR
BA PR A,Boeing Depositary Shares Representing a 1 20th int in a share of 6 00 Mndtry
YOU,Clear Secure Inc
ACI,Albertsons Companies Inc
OSK,Oshkosh Corp
ZWS,Zurn Elkay Water Solutions Corp
JHG,Janus Henderson Group PLC
BLDR,Builders FirstSource Inc
AMG,Affiliated Managers Group Inc
EDU,New Oriental Education & Technology Group Inc ADR
AOS,A O Smith Corp
VCX,Fundrise Innovation Fund  LLC
CAE,CAE Inc
GKOS,Glaukos Corp
CWEN,Clearway Energy Inc
CMC,Commercial Metals Co
SOBO,South Bow Corp
IDA,Idacorp Inc
VIST,Vista Energy SAB de CV ADR
CRL,Charles River Laboratories International Inc
NFG,National Fuel Gas Co
KEX,Kirby Corp
PDI,PIMCO Dynamic Income Fund
ESE,ESCO Technologies Inc
UGI,Ugi Corp
SSD,Simpson Manufacturing Co Inc
BIRK,Birkenstock Holding PLC
BF.B,Brown-Forman Corp Class B
RIG,Transocean Ltd
ECG,Everus Construction Group Inc
NCLH,Norwegian Cruise Line Holdings Ltd
VOYA,Voya Financial Inc
NOV,Nov Inc
JXN,Jackson Financial Inc
TAP,Molson Coors Beverage Co Class B
CIB,Grupo Cibest SA ADR
KGS,Kodiak Gas Services Inc
ATR,Aptargroup Inc
AXS,AXIS Capital Holdings Ltd
STAG,STAG Industrial Inc
CWAN,Clearwater Analytics Holdings Inc
QGEN,Qiagen NV
MOS,Mosaic Co
KNSL,Kinsale Capital Group Inc
LTH,Life Time Group Holdings  Inc
PCOR,Procore Technologies Inc
ST,Sensata Technologies Holding PLC
RHP,Ryman Hospitality Properties Inc
NXE,Nexgen Energy Ltd
HR,Healthcare Realty Trust Inc
MTDR,Matador Resources Co
TRNO,Terreno Realty Corp
VAL,Valaris Ltd
LEA,Lear Corp
PB,Prosperity Bancshares  Inc
FAF,First American Financial Corp
BBUC,Brookfield Business Holdings Corp
VIPS,Vipshop Holdings Ltd ADR
RAL,Ralliant Corp
LNC,Lincoln National Corp
JBTM,JBT Marel Corp
FSS,Federal Signal Corp
SGHC,SGHC Ltd
BEPC,Brookfield Renewable Corp
THG,Hanover Insurance Group Inc
OSCR,Oscar Health Inc
NEU,NewMarket Corp
EPRT,Essential Properties Realty Trust Inc
AWI,Armstrong World Industries Inc
OR,OR Royalties Inc
TEX,Terex Corp
TXNM,TXNM Energy Inc
OGC,OceanaGold Corp
TFPM,Triple Flag Precious Metals Corp
MSA,MSA Safety Inc
VFC,VF Corp
AROC,Archrock Inc
NPO,Enpro Inc
SWX,Southwest Gas Holdings Inc
HXL,Hexcel Corp
CAG,Conagra Brands Inc
INGR,Ingredion Inc
VSH,Vishay Intertechnology Inc
PAYC,Paycom Software Inc
STWD,Starwood Property Trust Inc (Maryland)
CLF,Cleveland-Cliffs Inc
S,SentinelOne Inc
PRIM,Primoris Services Corp
AN,AutoNation Inc
LAD,Lithia Motors Inc
RSI,Rush Street Interactive Inc
MAC,Macerich Co
COMP,Compass Inc
FLR,Fluor Corp
KLAR,Klarna Group PLC
PJT,PJT Partners Inc
AXTA,Axalta Coating Systems Ltd
BIO,Bio Rad Laboratories Inc Class A
MHK,Mohawk Industries Inc
FNB,FNB Corp
EGO,Eldorado Gold Corp
GTES,Gates Industrial Corporation PLC
GBCI,Glacier Bancorp Inc
OMF,OneMain Holdings Inc
EXP,Eagle Materials Inc
INGM,Ingram Micro Holding Corp
RYN,Rayonier Inc
UGP,Ultrapar Participacoes SA ADR
LB,LandBridge Co LLC
LW,Lamb Weston Holdings Inc
GATX,GATX Corp
VNO,Vornado Realty Trust
MDA,Mda Space Ltd
PACS,Pacs Group Inc
MSM,MSC Industrial Direct Co Inc
TAL,TAL Education Group ADR
GGB,Gerdau SA ADR
ACA,Arcosa Inc
WH,Wyndham Hotels & Resorts Inc
ETSY,ETSY Inc
OUT,Outfront Media Inc
BYD,Boyd Gaming Corp
EAT,Brinker International Inc
TFX,Teleflex Inc
SNDR,Schneider National Inc
ENIC,Enel Chile SA ADR
LOAR,Loar Holdings Inc
CHE,Chemed Corp
NJR,New Jersey Resources Corp
POR,Portland General Electric Co
CE,Celanese Corp
PIPR,Piper Sandler Companies
IBP,Installed Building Products Inc
BLCO,Bausch + Lomb Corp
FLG,Flagstar Bank NA
PSN,Parsons Corp
KMX,Carmax Inc
ABCB,Ameris Bancorp
PATH,UiPath Inc
GVA,Granite Construction Inc
AMTM,Amentum Holdings Inc
ESTC,Elastic NV
ORCL PR D,Oracle Depositary Shares Rep 1 2000th Prf Series D
BKH,Black Hills Corp
KOF,Coca-Cola Femsa SAB de CV ADR
ESNT,Essent Group Ltd
MCY,Mercury General Corp
ESAB,ESAB Corp
CPA,Copa Holdings SA
AVTR,Avantor Inc
CRC,California Resources Corp
ADT,ADT Inc
MATX,Matson Inc
MTG,MGIC Investment Corp
HIMS,Hims & Hers Health Inc
KRG,Kite Realty Group Trust
OBDC,Blue Owl Capital Corp
SEI,Solaris Energy Infrastructure Inc
GXO,GXO Logistics Inc
STVN,Stevanato Group SpA
M,Macy's Inc
IFS,Intercorp Financial Services Inc
MUR,Murphy Oil Corp
BXSL,Blackstone Secured Lending Fund
TMHC,Taylor Morrison Home Corp
G,Genpact Ltd
MGY,Magnolia Oil & Gas Corp
AUB,Atlantic Union Bankshares Corp
EPAM,Epam Systems Inc
HOMB,Home BancShares Inc
CMBT,CMB.TECH NV
WTM,White Mountains Insurance Group Ltd
BLSH,Bullish
BC,Brunswick Corp
WEX,WEX Inc
FND,Floor & Decor Holdings Inc
LBRT,Liberty Energy Inc
HASI,HA Sustainable Infrastructure Capital Inc
BIPC,Brookfield Infrastructure Corp
GOLF,Acushnet Holdings Corp
OGS,ONE Gas Inc
DLB,Dolby Laboratories Inc
RITM,Rithm Capital Corp
MC,Moelis & Co
CHH,Choice Hotels International Inc
SR,Spire Inc
TKC,Turkcell Iletisim Hizmetleri AS ADR
PRM,Perimeter Solutions Inc
SITE,SiteOne Landscape Supply Inc
ATH PR A,Athene Holding DS Representing 1 1000 Pref Shs Series A
JAN,Janus Living Inc
CNX,CNX Resources Corp
WHD,Cactus Inc
XXI,Twenty One Capital Inc
LPL,LG Display Co Ltd ADR
UWMC,UWM Holdings Corp
HRB,H & R Block Inc
LPX,Louisiana-Pacific Corp
GBTG,Global Business Travel Group Inc
ALH,Alliance Laundry Holdings Inc
OTF,Blue Owl Technology Finance Corp
AX,Axos Financial Inc
SON,Sonoco Products Co
MIAX,Miami International Holdings Inc
SXT,Sensient Technologies Corp
WFG,West Fraser Timber Co Ltd
RLI,RLI Corp
ACHR,Archer Aviation Inc
RDN,Radian Group Inc
UNF,UniFirst Corp
BMA,Banco Macro SA ADR
GHC,Graham Holdings Co
PBF,PBF Energy Inc
LAZ,Lazard Inc
BOOT,Boot Barn Holdings Inc
WFC PR L,Wells Fargo 7.50% Non Cumulative Perpetual Convertible Pref Shs Class A Series L
ZETA,Zeta Global Holdings Corp
ASB,Associated Banc-Corp
FCN,FTI Consulting Inc
NNI,Nelnet Inc
MDU,MDU Resources Group Inc
SPHR,Sphere Entertainment Co
MAIN,Main Street Capital Corp
ALK,Alaska Air Group Inc
MIR,Mirion Technologies Inc
AQN,Algonquin Power & Utilities Corp
MRP,Millrose Properties Inc
CSW,CSW Industrials Inc
MTN,Vail Resorts Inc
BF.A,Brown-Forman Corp Class A
CSTM,Constellium SE
EPR,EPR Properties
MTRN,Materion Corp
TDS,Telephone and Data Systems Inc
KEN,Kenon Holdings Ltd
PFSI,PennyMac Financial Services Inc
KVYO,Klaviyo Inc
HCC,Warrior Met Coal Inc
CNO,CNO Financial Group Inc
POST,Post Holdings Inc
PAM,Pampa Energia SA ADR
BBU,Brookfield Business Partners Units
AD,Array Digital Infrastructure Inc
CUZ,Cousins Properties Inc
CRGY,Crescent Energy Co
REZI,Resideo Technologies Inc
ANDG,Andersen Group Inc
LMND,Lemonade Inc
TBBB,Bbb Foods Inc
BCO,Brinks Co
AIR,AAR Corp
HRI,Herc Holdings Inc
HAFN,Hafnia Ltd
MANE,Veradermics Inc
BB,BlackBerry Ltd
FBIN,Fortune Brands Innovations Inc
CBT,Cabot Corp
MTH,Meritage Homes Corp
VVV,Valvoline Inc
HNGE,Hinge Health Inc
CVSA,Covista Inc
KBR,KBR Inc
CNR,Core Natural Resources Inc
SFBS,ServisFirst Bancshares Inc
COLD,Americold Realty Trust Inc
USAC,USA Compression Partners Common Units
CIG,Companhia Energetica Minas Gerais ADR Repstg One Pref Shs
MNSO,MINISO Group Holding Ltd ADR
VNT,Vontier Corp
SMR,Nuscale Power Corp
VSCO,Victoria's Secret & Co
FHI,Federated Hermes Inc
PLNT,Planet Fitness Inc
INSW,International Seaways Inc
PSUS,Pershing Square USA Ltd
BDC,Belden Inc
CAAP,Corporacion America Airports SA
BRC,Brady Corp
AZZ,AZZ Inc
EE,Excelerate Energy Inc
KNF,Knife River Corp
PVH,PVH Corp
CRK,Comstock Resources Inc
PHI,PLDT Inc ADR
SKT,Tanger Inc
DNP,DNP Select Income Fund Inc
TREX,Trex Company Inc
TNL,Travel + Leisure Co
THO,Thor Industries Inc
WPP,WPP PLC ADR
STNG,Scorpio Tankers Inc
TAC,TransAlta Corp
RXO,RXO Inc
SLGN,Silgan Holdings Inc
ATMU,Atmus Filtration Technologies Inc
HP,Helmerich and Payne Inc
UCB,United Community Banks Inc
IRT,Independence Realty Trust  Inc
MWA,Mueller Water Products Inc
KRC,Kilroy Realty Corp
TDW,Tidewater Inc
SKY,Champion Homes Inc
ENVA,Enova International Inc
BNL,Broadstone Net Lease Inc
GFF,Griffon Corp
GPI,Group 1 Automotive Inc
OII,Oceaneering International Inc
KTB,Kontoor Brands Inc
HGV,Hilton Grand Vacations Inc
WBI,WaterBridge Infrastructure LLC
TPC,Tutor Perini Corp
NVST,Envista Holdings Corp
HHH,Howard Hughes Holdings Inc
RNST,Renasant Corp
LION,Lionsgate Studios Corp
BETA,BETA Technologies Inc
PII,Polaris Inc
NP,Neptune Insurance Holdings Inc
KAI,Kadant Inc
LRN,Stride Inc
YSS,York Space Systems Inc
ARX,Accelerant Holdings
BTE,Baytex Energy Corp
OPLN,Openlane Inc
STUB,Stubhub Holdings  Inc
FBP,First BanCorp
NHI,National Health Investors Inc
DAN,Dana Inc
CNS,Cohen & Steers Inc
BAC PR L,Bank of America 7.25% Non Cumulative Perpetual Conv Pref Series L
FG,F&G Annuities & Life Inc
HGTY,Hagerty Inc
BMI,Badger Meter Inc
JOE,St Joe Co
RNG,RingCentral Inc
SUNC,SunocoCorp Units
DOCS,Doximity Inc
CDP,COPT Defense Properties
GPGI,GPGI Inc
BILL,BILL Holdings Inc
BOX,Box Inc
BBWI,Bath & Body Works Inc
ZGN,Ermenegildo Zegna NV
BFAM,Bright Horizons Family Solutions Inc
ARIS,Aris Mining Corp
AB,AllianceBernstein Holding Units
KFY,Korn Ferry
LEU,Centrus Energy Corp
OGN,Organon & Co
BWLP,BW LPG Ltd
BFH,Bread Financial Holdings Inc
ABG,Asbury Automotive Group Inc
AAP,Advance Auto Parts Inc
GNW,Genworth Financial Inc
ANF,Abercrombie & Fitch Co
MANU,Manchester United PLC
SKE,Skeena Resources Ltd
SMG,Scotts Miracle-Gro Co
AAUC,Allied Gold Corp
FOUR,Shift4 Payments  Inc
AVA,Avista Corp
YETI,Yeti Holdings Inc
APLE,Apple Hospitality REIT Inc
AGO,Assured Guaranty Ltd
NEA,Nuveen AMT-Free Quality Municipal Income Fund
WOLF,Wolfspeed Inc
BKU,BankUnited Inc
EFXT,Enerflex Ltd
CBU,Community Financial System Inc
NSA,National Storage Affiliates Trust
NATL,NCR Atleos Corp
CSAN,Cosan SA ADR
CGAU,Centerra Gold Inc
BBAR,Banco BBVA Argentina SA ADR
INFQ,Infleqtion Inc
RDW,Redwire Corp
ATS,ATS Corp
MHO,M/I Homes Inc
MSGE,Madison Square Garden Entertainment Corp
CVI,CVR Energy Inc
CON,Concentra Group Holdings Parent Inc
SIG,Signet Jewelers Ltd
SA,Seabridge Gold Inc
SII,Sprott Inc
AXIA PR,Axia Energia SA ADR
MMS,Maximus Inc
CC,Chemours Co
GPOR,Gulfport Energy Corp
SDRL,Seadrill Ltd
EBR.B,Centrais Eletricas Brasileiras Eletrobras ADR Representing 1 Pref Shs
BKD,Brookdale Senior Living Inc
FUL,H.B. Fuller Company
ALB PR A,Albemarle Dep Shares Each Rep A 1 20Th Interest In A Share Of 7 25 Mandatory
TDC,Teradata Corp
AVNT,Avient Corp
ELF,elf Beauty Inc
GEO,Geo Group Inc
KN,Knowles Corp
HG,Hamilton Insurance Group Ltd
SXI,Standex International Corp
BKV,BKV Corp
CNK,Cinemark Holdings Inc
BOH,Bank of Hawaii Corp
LXP,LXP Industrial Trust
WRBY,Warby Parker Inc
SLG,SL Green Realty Corp
CIG.C,Companhia Energ ADR Reptg One Ord Shs
ADX,Adams Diversified Equity Fund，Inc.
APAM,Artisan Partners Asset Management Inc
AVEX,AEVEX Corp
CTRI,Centuri Holdings Inc
KBH,KB Home
ZIM,ZIM Integrated Shipping Services Ltd
MPT,Medical Properties Trust Inc
CPK,Chesapeake Utilities Corp
ITGR,Integer Holdings Corp
BXMT,Blackstone Mortgage Trust Inc
CWK,Cushman & Wakefield Ltd
BGSI,Boyd Group Services Inc
FSK,FS KKR Capital Corp
VTMX,Vesta Real Estate Corporation SAB de CV ADR
UTF,Cohen & Steers Infrastructure Fund Inc
NIC,Nicolet Bankshares  Inc
GPK,Graphic Packaging Holding Co
HAYW,Hayward Holdings Inc
AWR,American States Water Co
UNFI,United Natural Foods Inc
BANC,Banc of California Inc
BTU,Peabody Energy Corp
CURB,Curbline Properties Corp.
OLN,Olin Corp
BNT,Brookfield Wealth Solutions Ltd
RCUS,Arcus Biosciences Inc
BW,Babcock & Wilcox Enterprises Inc
CWEN.A,Clearway Energy Inc Class A
BHE,Benchmark Electronics Inc
HAE,Haemonetics Corp
PARR,Par Pacific Holdings Inc
PAY,Paymentus Holdings Inc
BSM,Black Stone Minerals Units
AKR,Acadia Realty Trust
HPE PR C,Hewlett Packard Enterprise 7 625 Mandatory Convertible Pref Shs Series C
WT,WisdomTree Inc
VGNT,Versigent PLC
HAWK,HawkEye 360 Inc
JPC,Nuveen Preferred & Income Opportunities Fund
QTWO,Q2 Holdings Inc
PFS,Provident Financial Services Inc
HTGC,Hercules Capital Inc
DBRG,DigitalBridge Group Inc
EXG,Eaton Vance Tax-Managed Global Diversified Equity Income Closed Fund
GRBK,Green Brick Partners Inc
ATKR,Atkore Inc
FSM,Fortuna Mining Corp
HIW,Highwoods Properties Inc
WK,Workiva Inc
IHS,IHS Holding Ltd
ERO,Ero Copper Corp
UE,Urban Edge Properties
DHT,DHT Holdings Inc
TTAM,Titan America SA
RHI,Robert Half Inc
KD,Kyndryl Holdings Inc
AEO,American Eagle Outfitters Inc
PHIN,Phinia Inc
WHR,Whirlpool Corp
CALY,Callaway Golf Co
FCPT,Four Corners Property Trust Inc
KMT,Kennametal Inc
SPNT,Siriuspoint Ltd
DX,Dynex Capital Inc
EXK,Endeavour Silver Corp
DKL,Delek Logistics Partners Common Units
WOR,Worthington Enterprises  Inc
NAD,Nuveen Quality Municipal Income Fund
FBK,FB Financial Corp
LCII,LCI Industries
LEN.B,Lennar Corp Class B
SHAK,Shake Shack Inc
TALO,Talos Energy Inc
DK,Delek US Holdings Inc
TNK,Teekay Tankers Ltd
WTTR,Select Water Solutions Inc
CWT,California Water Service Group
NVG,Nuveen AMT-Free Municipal Credit Income Fund
ASH,Ashland Inc
WU,Western Union Co
HLIO,Helios Technologies Inc
C PR N,Citigroup Capital XIII 7.875% Fixed Rate/Floating Rate Trust Preferred
TRN,Trinity Industries Inc
RH,RH
PAGS,PagSeguro Digital Ltd
AAMI,Acadian Asset Management Inc
RLX,RLX Technology Inc ADR
VOYG,Voyager Technologies Inc
VAC,Marriott Vacations Worldwide Corp
DBD,Diebold Nixdorf Inc
GDV,Gabelli Dividend & Income Trust
IVT,Inventrust Properties Corp
HUN,Huntsman Corp
CUBI,Customers Bancorp Inc
BKE,Buckle Inc
NIQ,NIQ Global Intelligence PLC
NOG,Northern Oil and Gas Inc
CALX,Calix Inc
PTY,PIMCO Corporate & Income Opportunity Fund
HOG,Harley-Davidson Inc
SAH,Sonic Automotive Inc
FLOC,Flowco Holdings Inc
KWR,Quaker Chemical Corp
GMRS,GMR Solutions Inc
LCLN,Lincoln International Inc
GRDN,Guardian Pharmacy Services Inc
AMBP,Ardagh Metal Packaging SA
BBT,Beacon Financial Corp
ROG,Rogers Corp
KYN,Kayne Anderson Energy Infrastructure Fund Inc
NZF,Nuveen Municipal Credit Income Fund
DNOW,DNOW Inc
AESI,Atlas Energy Solutions Inc
DAC,Danaos Corp
MTX,Minerals Technologies Inc
CXT,Crane NXT Co
MNR,Mach Natural Resources Units
BCC,Boise Cascade Co
HE,Hawaiian Electric Industries Inc
ABM,ABM Industries Inc
ETY,Eaton Vance Tax Managed Diversified Equity Income Closed Fund
GOF,Guggenheim Strategic Opportunities Mutual Fund
USB PR R,Us Ban Del Depositary Shs Repstg 1 1000Th Int Pfd Ser M 4 Drc Series M
CDLR,Cadeler A/S ADR
AERO,Grupo Aeromexico SAB de CV ADR
NGVT,Ingevity Corp
PK,Park Hotels & Resorts Inc
VVX,V2X Inc
AMPX,Amprius Technologies Inc
GRND,Grindr Inc
MH,McGraw Hill Inc
WSO.B,Watsco Inc Class B
AKO.B,Embotelladora Andina SA ADR Series B
SOC,Sable Offshore Corp
PBH,Prestige Consumer Healthcare Inc
RAMP,Liveramp Holdings Inc
TE,T1 Energy Inc
DRD,DRDGOLD Ltd ADR
RVT,Royce Small-Cap Trust Inc
NTB,Bank of NT Butterfield & Son Ltd
AMR,Alpha Metallurgical Resources Inc
HNI,HNI Corp
CPRI,Capri Holdings Ltd
NEE PR S,Nextera Energy Units
HTH,Hilltop Holdings Inc
ECO,Okeanis Eco Tankers Corp
CEPU,Central Puerto SA ADR
NGL,NGL Energy Partners Units
UTI,Universal Technical Institute Inc
DCO,Ducommun Inc
THR,Thermon Group Holdings Inc
IMAX,Imax Corp
CYD,China Yuchai International Ltd
BPRE,Bluerock Private Real Estate Closed End Fund
CCU,Compania Cervecerias Unidas SA ADR
NMM,Navios Maritime Partners Units
CXW,CoreCivic Inc
KKR PR D,KKR And Co Mandatory Convertible Preference Ser D
NWN,Northwest Natural Holding Co
ATEN,A10 Networks Inc
CTOS,Custom Truck One Source Inc
FIGS,Figs Inc
PUMP,ProPetro Holding Corp
BRSL,Brightstar Lottery PLC
INVX,Innovex International Inc
PBI,Pitney Bowes Inc
STC,Stewart Information Services Corp
ARR,ARMOUR Residential REIT Inc
SEM,Select Medical Holdings Corp
BHC,Bausch Health Companies Inc
ENHA,A Paradise Acquisition Corp
WS,Worthington Steel Inc
FUN,Six Flags Entertainment Corp
TGS,Transportadora de Gas del Sur SA ADR
HCI,Hci Group Inc
GTY,Getty Realty Corp
BBAI,BigBear.ai Holdings Inc
NTST,Netstreit Corp
LPG,Dorian LPG Ltd
EVT,Eaton Vance Tax Advantaged Dividend Income Closed Fund
CMRE,Costamare Inc
GEL,Genesis Energy Units Class A
SAM,Boston Beer Company Inc
SHO,Sunstone Hotel Investors Inc
GNL,Global Net Lease Inc
BSTZ,BlackRock Science and Technology Term Closed End Fund
LTC,LTC Properties Inc
TNET,TriNet Group Inc
ATHM,Autohome Inc ADR
PLGO,Pelagos Insurance Capital Ltd
BXDC,Blackstone Digital Infrastructure Trust Inc
DEI,Douglas Emmett Inc
GRC,Gorman- Rupp Co
NEXA,Nexa Resources SA
TGLS,Tecnoglass Inc
STEL,Stellar Bancorp Inc
OFG,OFG Bancorp
APO PR A,Apollo Global Management 6 75 Mandatory Convertible Preferred Stock Series A
HMN,Horace Mann Educators Corp
FCF,First Commonwealth Financial Corp
TIC,TIC Solutions Inc
NBHC,National Bank Holdings Corp
VET,Vermilion Energy Inc
NUV,Nuveen Municipal Value Fund Inc
AGRO,Adecoagro SA
ARCO,Arcos Dorados Holdings Inc
XPRO,Expro Group Holdings NV
TY,Tri Continental Closed Fund
JPM PR C,JPMORGAN CHASE Depositary SH Repstg 1 400TH Pfd Ser EE
NAC,Nuveen California Quality Municipal Income Fund
ALG,Alamo Group Inc
SPB,Spectrum Brands Holdings Inc
PDO,PIMCO Dynamic Income Opportunities Fund
SOMN,Southern Units
SFL,Sfl Corporation Ltd
LC,LendingClub Corp
WLY,John Wiley & Sons Inc Class A
KOS,Kosmos Energy Ltd
RQI,Cohen & Steers Quality Income Realty Fund Inc
SID,Companhia Siderurgica Nacional SA ADR
WMK,Weis Markets Inc
COTY,Coty Inc
VRE,Veris Residential Inc
AKO.A,Embotelladora Andina SA ADR Series A
CTS,CTS Corp
EPAC,Enerpac Tool Group Corp
BKSY,Blacksky Technology Inc
AIN,Albany International Corp
SNDA,Sonida Senior Living Inc
USA,Liberty All Star Equity Closed Fund
KMPR,Kemper Corp
MD,Pediatrix Medical Group Inc
AMBQ,Ambiq Micro Inc
TPB,Turning Point Brands Inc
ETG,Eaton Vance Tax Advantaged Global Dividend Income Closed Fund
PRKS,United Parks & Resorts Inc
GLOB,Globant SA
GAB,Gabelli Equity Trust Inc
WD,Walker & Dunlop Inc
CBZ,CBIZ Inc
FLNG,FLEX LNG Ltd
TR,Tootsie Roll Industries Inc
LOB,Live Oak Bancshares Inc
SMA,SmartStop Self Storage REIT Inc
RITM PR A,Rithm Capital 7 50 Cumulative Redeemable Pref Shs Series A
LAC,Lithium Americas Corp
STEW,SRH Total Return Fund，Inc
GEF.B,Greif Inc Class B
BLX,Banco Latinoamericano de Comercio Exterior SA
ETV,Eaton Vance Tax Managed Buy Write Opportunities Closed Fund
BORR,Borr Drilling Ltd
PRLB,Proto Labs Inc
ADNT,Adient PLC
EFC,Ellington Financial Inc
GLP,Global Partners Units
PEB,Pebblebrook Hotel Trust
SILA,Sila Realty Trust Inc
AGM,Federal Agricultural Mortgage Corp Class C
NUVB,Nuvation Bio Inc
IIPR,Innovative Industrial Properties Inc
FMC,FMC Corp
KRP,Kimbell Royalty Partners LP Units
TSLX,Sixth Street Specialty Lending Inc
DCOM,Dime Community Bancshares Inc
BCAT,BlackRock Capital Allocation Term Closed End Fund
JPM PR D,Jpmorgan Chase Depositary Shares Representing 1/400 Pref Shs Series DD
NVRI,Enviri Corp
FLO,Flowers Foods Inc
AMRC,Ameresco Inc
BDJ,BlackRock Enhanced Equity Dividend Trust
BST,BlackRock Science and Technology Trust
REX,REX American Resources Corp
AVAL,Grupo Aval Acciones y Valores SA ADR
GEF,Greif Inc Class A
TFIN,Triumph Financial Inc
FDP,Fresh Del Monte Produce Inc
ASAN,Asana Inc
DAO,Youdao Inc ADR
CLVT,Clarivate PLC
RES,RPC Inc
NBR,Nabors Industries Ltd
DXC,DXC Technology Co
PRGO,Perrigo Company PLC
XHR,Xenia Hotels & Resorts Inc
VSTS,Vestis Corp
GAM,General American Investors Closed Fund
ECAT,BlackRock ESG Capital Allocation Term Closed End Fund
KW,Kennedy-Wilson Holdings Inc
EVTC,Evertec Inc
COUR,Coursera Inc
DCH,Dauch Corp
WKC,World Kinect Corp
SLVM,Sylvamo Corp
VPG,Vishay Precision Group Inc
ECVT,Ecovyst Inc
BOBS,Bob's Discount Furniture  Inc
DV,Doubleverify Holdings Inc
BY,Byline Bancorp Inc
LAR,Lithium Argentina AG
LZB,La-Z-Boy Inc
TV,Grupo Televisa SAB ADR
CCS,Century Communities Inc
TEO,Telecom Argentina SA ADR
HLX,Helix Energy Solutions Group Inc
GBX,Greenbrier Companies Inc
KSS,Kohls Corp
OBK,Origin Bancorp Inc
CBL,CBL & Associates Properties Inc
RLJ,RLJ Lodging Trust
ARI,Apollo Commercial Real Estate Finance Inc
BTT,BlackRock Municipal 2030 Target Term Trust
PBT,Permian Basin Royalty Units
NOMD,Nomad Foods Ltd
ARLO,Arlo Technologies Inc
TNC,Tennant Co
NVGS,Navigator Holdings Ltd
BHVN,Biohaven Ltd
LU,Lufax Holding Ltd ADR
TTI,Tetra Technologies Inc
ENOV,Enovis Corp
HYT,BlackRock Corporate High Yield Fund，Inc.
JPM PR M,Jpmorgan Chase And Co DS Repstg 1 400Th Series MM
JPM PR L,JPMorgan Chase Depositary Shares Each Rep 1 400th Interest 4 625 Non Cumulative
DOLE,Dole PLC
CRI,Carter's Inc
GSL,Global Ship Lease Inc
OI,O-i Glass  Inc
DXYZ,Destiny Tech100 Inc
AGL,agilon health inc
GENI,Genius Sports Ltd
AAT,American Assets Trust Inc
RYZ,Ryerson Holding Corp
RVLV,Revolve Group Inc
MAN,ManpowerGroup Inc
LEG,Leggett & Platt Inc
UVV,Universal Corp
ORC,Orchid Island Capital Inc
NFJ,Virtus Dividend  Interest & Prem Str Fd
BIO.B,Bio Rad Laboratories Inc Class B
AI,C3.ai Inc
NRP,Natural Resource Partners Units
SPH,Suburban Propane Partners Common Units
WWW,Wolverine World Wide Inc
PRG,PROG Holdings Inc
DFH,Dream Finders Homes Inc
BAC PR B,Bank Amer Depositary Shares Representing 1/1000 Non Cumulative Pref Shs Series
IDT,IDT Corp
ARDT,Ardent Health Inc
UAN,CVR Partners Units
FOR,Forestar Group Inc
TWO,Two Harbors Investment Corp
NPKI,NPK International Inc
WFC PR Z,Wells Fargo 1000 Depositary Shares Representing Pref Shs Class A
UMH,UMH Properties Inc
CDRE,Cadre Holdings Inc
LADR,Ladder Capital Corp
HLF,Herbalife Ltd
T PR C,AT&T Depo Sha Rep 1000 Preferred Series C
TEN,Tsakos Energy Navigation Ltd
CMP,Compass Minerals International Inc
MSDL,Morgan Stanley Direct Lending Fund
LOMA,Loma Negra Compania Industrial Argentina SA ADR
PRA,Proassurance Corp
TUYA,Tuya Inc ADR
VTOL,Bristow Group Inc
INSP,Inspire Medical Systems Inc
MUX,McEwen Inc
SVV,Savers Value Village Inc
ALX,Alexander's Inc
NBXG,Neuberger Next Gen Connectivity Fund Inc.
PDS,Precision Drilling Corp(Calgary)
UAMY,United States Antimony Corp
DSL,DoubleLine Income Solutions Fd
ARES PR B,Ares Management 6 75 Mandatory Convertible Prf Shs Series B
GOLD,Gold.com Inc
CXM,Sprinklr Inc
YELP,Yelp Inc
JFR,Nuveen Floating Rate Income Closed Fund
CCO,Clear Channel Outdoor Holdings Inc
LUCK,Lucky Strike Entertainment Corp
BHLB,Berkshire Hills Bancorp Inc
PRSU,Pursuit Attractions and Hospitality Inc
EOS,Eaton Vance Enhanced Equity Income II Closed Fund
TROX,Tronox Holdings PLC
DQ,Daqo New Energy Corp ADR
SBH,Sally Beauty Holdings Inc
BAC PR M,Bank Amer DS Representing 1/1000 Non Cum Pref Shs Series KK
ENR,Energizer Holdings Inc
UAA,Under Armour Inc Class A
NSP,Insperity Inc
VIA,Via Transportation Inc
JKS,JinkoSolar Holding Co Ltd ADR
LSPD,Lightspeed Commerce Inc
TDOC,Teladoc Health Inc
SCL,Stepan Co
NMZ,Nuveen Municipal High Income Opportunity Closed Fund
XZO,Exzeo Group Inc
BV,Brightview Holdings Inc
BFLY,Butterfly Network Inc
SG,Sweetgreen Inc
TK,Teekay Corp Ltd
AVNS,Avanos Medical Inc
PCG PR X,PG And E 6 Conv Pref Series A
CSR,Centerspace
NAT,Nordic American Tankers Ltd
GIC,Global Industrial Co
AGBK,Agi Inc
LNN,Lindsay Corp
MCB,Metropolitan Bank Holding Corp
PPLC,Ppl Units
SBR,Sabine Royalty Units
CNMD,Conmed Corp
DEC,Diversified Energy Co
ASA,ASA Gold And Precious Metals Limited
UTZ,UTZ Brands Inc
HQH,abrdn Healthcare Investors
CIM,Chimera Investment Corp
TDAY,USA TODAY Co Inc
GHM,Graham Corp
XIFR,XPLR Infrastructure LP
IRS,IRSA Inversiones y Representaciones SA ADR
DEA,Easterly Government Properties Inc
JPM PR K,JPMorgan Chase DRC Rep 1 400 4 55 Non Cumul Pref Shs Series JJ
AOD,abrdn Total Dynamic Dividend Mutual Fund
COF PR I,Capital One Financial 40 DS Representing Perpetual Pref Shs Series I
UA,Under Armour Inc Class C
FPF,First Trust Intermediate Duration Preferred & Inc
MMI,Marcus & Millichap Inc
AORT,Artivion Inc
UVE,Universal Insurance Holdings Inc
DLX,Deluxe Corp
ODC,Oil-Dri Corporation of America
PXED,Phoenix Education Partners Inc
ABR,Arbor Realty Trust Inc
PTA,Cohen & Steers Tax-Adv Pref Secs and Inc Fund
EVEX,Eve Holding Inc
FINV,FinVolution Group ADR
SAFE,Safehold Inc
BAC PR N,Bank of America 1000 Depositary Shares Representing Pref Series LL
GS PR D,Goldman Sachs Group Depository Shares Repstg 1/1000th Floating Rate Non
MOG.B,Moog Inc Class B
EMO,ClearBridge Energy Midstream Opportunity Closed End Fund
BTX,BlackRock Technology and Private Equity Term Trust
ACVA,ACV Auctions Inc
BRBR,Bellring Brands Inc
GNK,Genco Shipping & Trading Ltd
OPY,Oppenheimer Holdings Inc
AMN,AMN Healthcare Services Inc
FUBO,FuboTV Inc
PDM,Piedmont Realty Trust Inc
MS PR Q,Morgan Stanley Depositary Shares Each Repsng 1 1000th Share of 6 625 Non
FSCO,FS Credit Opportunities Corp.
PLOW,Douglas Dynamics Inc
ETW,Eaton Vance Tax Managed Global Buy Write Opportunities Closed Fund
CII,BlackRock Enhanced Large Cap Core Closed End Fund
UHAL,U-Haul Holding Co
MS PR P,Morgan Stanley Dep Shs Repstg 1 1000 Sh Non-Cumulative Ser P Pref Shs Series P
MS PR I,Morgan Stanley DS Representing 1 1000 Fixed Floating Non Cumulative Pref Shs
MUC,BlackRock MuniHoldings California Quality Fd，Inc.
RNP,Cohen & Steers REIT & Preferred & Income Fund Inc
GSBD,Goldman Sachs BDC Inc
BUR,Burford Capital Ltd
ASIC,Ategrity Specialty Insurance Company Holdings
TBN,Tamboran Resources Corp
DUK PR A,Duke Energy 1000 Drc Representing Pref Shs Series A
MBC,Masterbrand Inc
EEX,Emerald Holding Inc
SYF PR A,Synchrony Finl 40 Dep Shs Representing Perp Prf Shs Series A
NMAX,Newsmax Inc
WSR,Whitestone REIT
TYG,Tortoise Energy Infrastructure Closed Fund
DFIN,Donnelley Financial Solutions Inc
SBSI,Southside Bancshares Inc
PDX,PIMCO Dynamic Income Strategy Fund
BBN,BlackRock Taxable Municipal Bond Trust
USB PR A,U S Bancorp 100 DS Rep Non Cumulative preference Series A
KBDC,Kayne Anderson BDC Inc
ESRT,Empire State Realty Trust Inc
MFA,MFA Financial Inc
VRTS,Virtus Investment Partners Inc
KODK,Eastman Kodak Co
LUXE,LuxExperience BV ADR
STK,Columbia Seligman Premium Technology Growth Fund
EQBK,Equity Bancshares Inc
ACEL,Accel Entertainment Inc
NPK,National Presto Industries Inc
USPH,US Physical Therapy Inc
MS PR K,Morgan Stanley DS Representing 1/1000 Non Cum Pref Shs Series K
CVLG,Covenant Logistics Group Inc
YALA,Yalla Group Ltd ADR
T PR A,AT T Depositary Shares Reprs a 1 1 000th interest in a share of 5.000%
BTZ,BlackRock Credit Allocation Income Trust
LXU,LSB Industries Inc
UTL,Unitil Corp
RHLD,Resolute Holdings Management  Inc
BOW,Bowhead Specialty Holdings Inc
PML,PIMCO Municipal Income Fund II
AMC,AMC Entertainment Holdings Inc
INR,Infinity Natural Resources Inc
ALL PR H,Allstate Depositary Shares Representing 1/1000th Shares Perpetual Preferred
BCX,BlackRock Resources And Commodities Strategy Trust
PMT,PennyMac Mortgage Investment Trust
CPAC,Cementos Pacasmayo SAA ADR
CPF,Central Pacific Financial Corp
RPC,Ridgepost Capital Inc
NRK,Nuveen New York AMT-Free Quality Municipal Inc Fd
BTGO,BitGo Holdings Inc
NRGV,Energy Vault Holdings Inc
VYX,NCR Voyix Corp
EVC,Entravision Communications Corp
HTD,John Hancock Tax Advantaged Dividend Income Closed Fund
AIO,Virtus Artificial Intelligence and Technology Opportunities Fund
BBDC,Barings BDC Inc
FSSL,FS Specialty Lending Close End Fund
BMEZ,BlackRock Health Sciences Term Closed End Fund
AMTB,Amerant Bancorp Inc
MS PR O,Morgan Stanley Each DS Repstg 1 1000 Shs of 4 250  Non Cum Pref Shs Series O
AWF,AllianceBernstein Global High Income Closed Fund
COF PR J,Capital One Finl 40 DS Representing 1 Perp Pfd Series J
MS PR E,Morgan Stanley Depositary Shares Representing 1/1000th Fixed/Floating Non
BAC PR Q,Bank Amer DS Repstg 1 1000Th Non Cum Pref Shs Series QQ
WFC PR A,Wells Fargo And New 1000 DS Repstg Perp Pfd Ser Aa Class A
ABX,Abacus Global Management Inc
CAPL,CrossAmerica Partners Common Units
JMIA,Jumia Technologies AG ADR
PCN,PIMCO Corporate & Income Strategy Fund
CODI,Compass Diversified Holdings
MS PR A,Morgan Stanley Depository Shares Repstg 1/1000th Interest in Floating Rate Non
MS PR F,Morgan Stanley DS Representing 1/1000th Non-Cumulative Pref Shs Series F
BCSF,Bain Capital Specialty Finance Inc
SPIR,Spire Global Inc
BFS,Saul Centers Inc
JBGS,JBG SMITH Properties
SMP,Standard Motor Products Inc
PHK,PIMCO High Income Fund
WFC PR D,Wells Fargo And Company Dep Shs Repstg 1 1000Th Int Perp Pfd Class A Ser Dd
WGO,Winnebago Industries Inc
MYE,Myers Industries Inc
BAC PR K,Bank of America DS Rep 1/1000th 5.875% Non Cum PRF Series HH
BAK,Braskem SA ADR
EVMN,Evommune Inc
ODV,Osisko Development Corp
EPC,Edgewell Personal Care Co
NX,Quanex Building Products Corp
EOI,Eaton Vance Enhanced Equity Income Closed Fund
RVI,Robinhood Ventures Fund I
PFLT,PennantPark Floating Rate Capital Ltd
MQY,BlackRock MuniYield Quality Fund，Inc.
EIG,Employers Holdings Inc
VLRS,Controladora Vuela Compania de Aviacion SAB de CV ADR
EFOR,Everforth Inc
MEGI,NYLI CBRE Global Infrstrctr Megatrends Term Fd
C PR R,Citigroup Dep Shs Repstg 1 1000 Int Sh Non Cum Pfd Ser II
MTUS,Metallus Inc
WLKP,Westlake Chemical Partners Units
HTB,HomeTrust Bancshares Inc
MTB PR J,M And T Bk Dep Shs Repstg 1 400Th Int Perp Prf Shs Series J
KOP,Koppers Holdings Inc
KRO,Kronos Worldwide Inc
NXDR,Nextdoor Holdings Inc
ASC,Ardmore Shipping Corp
CWH,Camping World Holdings Inc
THQ,abrdn Healthcare Opportunities Fund
ASGI,abrdn Global Infrastructure Income Fund
FFC,Flaherty Crumrine Preferred and Income Securities Mutual Fund  Incorporated
USB PR H,US Depository Shares Repstg 1/1000th Non Cum Perp Pref Shs Series B
TXO,TXO Partners Units
HZO,MarineMax Inc
NXRT,NexPoint Residential Trust Inc
VTS,Vitesse Energy Inc
GFR,Greenfire Resources Ltd
IBTA,Ibotta Inc
NLY PR F,Annaly Capital Mgt 6.95% Fixed to Floating Rate Cum Redeemable Pref Shs Series F
MET PR F,Metlife 1000 DS Rep Prf Series F
ANRO,Alto Neuroscience Inc
BAC PR O,Bank of America Depositary shares Representing 1 1000 Non Cumulative Pref Shs
KFRC,Kforce Inc
BRSP,Brightspire Capital Inc
NXP,Nuveen Select Tax-Free Income Portfolio
NIE,Virtus Equity And Convertible Income Fund
IVR,Invesco Mortgage Capital Inc
MET PR E,Metlife DS 1 1000 representing Pref Shs Series E
GRNT,Granite Ridge Resources Inc
PEO,Adams Natural Resources Fund，Inc.
SCHW PR D,Charles Schwab DS Representing 1 40 interest 5.95 Non Cum Perpetual Pref Shs
BTO,John Hancock Financial Opportunities Fund
GDOT,Green Dot Corp
RMT,Royce Micro Cap Closed Fund
FTK,Flotek Industries Inc
SXC,SunCoke Energy Inc
MKC.V,Mccormick & Co Voting Ord Shs
SMBK,SmartFinancial Inc
IGR,CBRE Global Real Estate Income Fund
MYI,BlackRock MuniYield Quality Fund III，Inc.
BIT,BlackRock Multi-Sector Income Trust
JBI,Janus International Group Inc
RA,Brookfield Real Assets Income Closed Fund
JQC,Nuveen Credit Strategies Income Closed Fund
WDI,Western Asset Diversified Income Fund
AHRT,AH Realty Trust  Inc
OPFI,OppFi Inc
HRTG,Heritage Insurance Holdings Inc
SUPV,Grupo Supervielle SA ADR
CSV,Carriage Services Inc
WFC PR C,Wells Fargo 1000 Depositary Shares representing Non-Cumulative Perpetual Class
JPM PR J,JP Morgan Chase DS Representing 1 400 Non Cumulaive Series GG Pref Shs
NABL,N-Able Inc
CTO,CTO Realty Growth Inc
RSKD,Riskified Ltd
SKYH,Sky Harbour Group Corp
HIPO,Hippo Holdings Inc
BUI,BlackRock Utilities Infrastructure & Power Oppty
DLY,DoubleLine Yield Opportunities Fund
PFN,Pimco Income Strategy II Closed Fund
NOAH,Noah Holdings Ltd ADR
VEL,Velocity Financial Inc
TFC PR R,Truist Financial DS Rep 1 1000th Non Cum Perp Pfd Series R
SB,Safe Bulkers Inc
HSHP,Himalaya Shipping Ltd
NKX,Nuveen California AMT-Free Quality Municipal In Fd
ACP,abrdn Income Credit Strategies Mutual Fund
NGVC,Natural Grocers by Vitamin Cottage Inc
RWT,Redwood Trust Inc
PAXS,PIMCO Access Income Fund
CLB,Core Laboratories Inc
FBRT,Franklin BSP Realty Trust Inc
FET,Forum Energy Technologies Inc
PKE,Park Aerospace Corp
BZH,Beazer Homes USA Inc
OFRM,Once Upon A Farm PBC
WTI,W&T Offshore Inc
BOE,BlackRock Enhanced Global Dividend Closed End Fund
BWMX,Betterware de Mexico SAPI de CV
PSTL,Postal Realty Trust Inc
WFC PR Y,Wells Fargo DS Repstg 1000 Int Non Cumulative Perp Series Y Pref shs Class A
MEC,Mayville Engineering Company Inc
BALY,Bally's Corp
MUJ,BlackRock MuniHoldings New Jersey Quality Fd，Inc.
EROK,EagleRock Land LLC
VMO,Invesco Municipal Opportunity Trust
TRTX,TPG RE Finance Trust Inc
BHK,BlackRock Core Bond Closed Fund
RGR,Sturm Ruger & Company Inc
RNR PR F,Renaissancere Holdings Depositary Shares Rep 1/1000 Int Pref Shs Series F
PDT,John Hancock Premium Dividend Fund
NCDL,Nuveen Churchill Direct Lending Corp
NMG,Nouveau Monde Graphite Inc
TCBX,Third Coast Bancshares Inc
SMC,Summit Midstream Corp
EQH PR A,Equitable Hldngs 1000 DRC Representing Pref Shs Series A
ALL PR J,Allstate Dep Shs Repstg 1 1000Th Non Cum Perp Pfd Series J
OXM,Oxford Industries Inc
MNTN,MNTN Inc
DSU,BlackRock Debt Strategies Fund，Inc.
RERE,ATRenew Inc ADR
PAR,PAR Technology Corp
VTEX,VTEX
AIV,Apartment Investment and Management Co
HPP,Hudson Pacific Properties Inc
CNNE,Cannae Holdings Inc
HY,Hyster-Yale Inc
NDMO,Nuveen Dynamic Municipal Opportunities Fund
INN,Summit Hotel Properties Inc
EMD,Western Asset Emerging Markets Debt Fund
KEY PR L,KeyCorp Depositary Shares Reprstg A 1 40th interest Fixed Rate Perpetual Non
DDL,Dingdong (Cayman) Ltd ADR
ONT,Onterris Inc
BAC PR P,Bank of America 1000 DS Representing Non-Cumulative Pref Shs Series PP
ASIX,AdvanSix Inc
NPB,Northpointe Bancshares Inc
BCSS.U,Bain Capital GSS Investment Units
EGY,VAALCO Energy Inc
SSTK,Shutterstock Inc
BCSS,Bain Capital GSS Investment Corp
EVAC,EQV Ventures Acquisition Corp II
MHD,BlackRock MuniHoldings Fund，Inc.
SDHC,Smith Douglas Homes Corp
LDP,Cohen & Steers Ltd Dur Pref and Income Fund Inc
RYAM,Rayonier Advanced Materials Inc
NMCO,Nuveen Municipal Credit Opportunities Fund
UHT,Universal Health Realty Income Trust
GS PR A,Goldman Sachs Depository Shares Repstg 1/1000 Floating Rate Non Cumulative
HUYA,HUYA Inc ADR
BH,Biglari Holdings Inc Class B
JXN PR A,Jackson Financial Depositary Shr each representg a 1 1000th int shr Fxd Rt Rst
AEXA,American Exceptionalism Acquisition Corp A
HOV,Hovnanian Enterprises Inc
ORN,Orion Group Holdings Inc
IIM,Invesco Value Municipal Income Closed Fund
ETJ,Eaton Vance Risk Managed Diversified Equity Income Closed Fund
SD,SandRidge Energy Inc
FOUR PR A,Shift4 Pmts Mandatory Pfd Stk Conv Prf Shs Ser A
NEE PR N,NextEra Energy Capital Holdings Junior Subordinated  Debentures Series N Exp 1
AVK,Advent Convertible and Income Fund
GUT,Gabelli Utility Trust
MCS,Marcus Corp
PD,PagerDuty Inc
PHR,Phreesia Inc
MG,Mistras Group Inc
SCE PR M,SCE Trust VII 7 50 Pref Shs
MMU,Western Asset Managed Municipals Fund
VGM,Invesco Trust For Inv Grade Munis
TDS PR V,Telephone And Data Sys Dep Shs Repstg 1 1000Th Perp Pref Shs Series VV
CARS,Cars.com Inc
TWN,Taiwan Fund Inc.
MET PR A,MetLife Floating Rate Non Cumulative Pref Shs Series A
PACK,Ranpak Holdings Corp
NGS,Natural Gas Services Group Inc
DPG,Duff & Phelps Utility and Infrastructure Fund Inc
MSIF,MSC Income Fund Inc
ECC,Eagle Point Credit Company Inc
EDN,Empresa Distribuidora y Comercializadora Norte SA ADR
OIS,Oil States International Inc
IPI,Intrepid Potash Inc
MLR,Miller Industries Inc
VKQ,Invesco Municipal Trust
BKKT,Bakkt Inc
MAX,Mediaalpha Inc
GUG,Guggenheim Active Allocation CEF
OOMA,Ooma Inc
HKD,AMTD Digital Inc ADR
HQL,abrdn Life Sciences Investors
LNC PR D,Lincoln Natl Depositary Shs Representing 1/1000Th Class D Non Cumulative Pref
BDN,Brandywine Realty Trust
GPRK,GeoPark Ltd
TRC,Tejon Ranch Co
ALL PR B,Allstate 5.100% Fixed-To-Floating Rate Subordinated Debenture Exp 2053
THW,abrdn World Healthcare Fund
BGY,BlackRock Enhanced International Dividend Closed End Fund
IIIN,Insteel Industries Inc
WIW,Western Asset Inflation Linked Opportunities Income Closed End Fund
BANC PR F,Banc of California Depositary Shs Each Repsntg 1 40th Interest 7 75 Non
BAC PR S,Bank Amer Dep Shs Repstg 1 1000 Interest Share of 4 750 Non Cum Prf Shs Series
BNY PR K,Bank New York Mellon Depositary Shs Repstg 1 4000Th Prf Shs Ser K
SYF PR B,Synchrony Finl Depositary Shs Each Rep 1 40Th Int In A Sh Of Fxd Rate Non Cum
EBF,Ennis Inc
BK PR K,Bank New York Mellon Depositary Shs Repstg 1 4000Th Prf Shs Ser K
BME,BlackRock Health Sciences Trust
IQI,Invesco Quality Municipal Income Closed Fund
OLP,One Liberty Properties Inc
ATH PR E,Athene Holding Ltd DRC
VCV,Invesco California Value Muni Inc Tr
RF PR F,Regions Financial Depositary Shares Representing a 1 40th Interest in a Share
BGB,Blackstone Strategic Credit 2027 Term Fund
KEY PR I,Keycorp DS Representing 1 40 Non Cumulative Pref Shs Series E
MSC,Studio City International Holdings Ltd ADR
CHCT,Community Healthcare Trust Inc
ANGX,Angel Studios Inc
DNA,Ginkgo Bioworks Holdings Inc
CPS,Cooper-Standard Holdings Inc
NWAX,New America Acquisition I Corp
USB PR P,US DS Representing 1/1000 Perp Pref Shs Series K
ETD,Ethan Allen Interiors Inc
FTHY,First Trust High Yield Opportunities 2027 Term Closed End Fd
CLDT,Chatham Lodging Trust
IGD,Voya Global Equity Dividend & Premium Opportunity Closed Fund
XRN,Chiron Real Estate Inc
ETO,Eaton Vance Tax Advantaged Global Dividend Opportunities Closed Fund
GHY,PGIM Global High Yield Fund，Inc
BLW,BlackRock Limited Duration Income Trust
PCQ,PIMCO California Municipal Income Fund
RF PR C,Regions Financial DS Representing 1/40th 5.7% Fixed to Floating Rate Non Cum
EVAC.U,EQV Ventures Acquisition II Units
MATV,Mativ Holdings Inc
ET PR I,Energy Transfer Prf Shs Series I
KRSP,Rice Acquisition Corp 3
IFN,Aberdeen India Fund
ASPN,Aspen Aerogels Inc
TFC PR O,Truist Financial 1000 Depositary Shares Representing Perp Pref Shs Series O
FLG PR A,Flagstar Bank National Association DS Representing 1 40 Noncumulative Perp Pref
QXO PR B,Qxo Depositary Shares Repstg 1 20Th Int Conv Pfd Ser B
TWI,Titan International Inc
NMAI,Nuveen Multi-Asset Income Fund
BBW,Build-A-Bear Workshop Inc
HPS,John Hancock Preferred Income III Closed Fund
RITM PR D,Rithm Capital 7 00 Fixed Rate Reset Cumulative Redeemable Pref Shs Series D
DDD,3D Systems Corp
KIO,KKR Income Opportunities Fund
NBB,Nuveen Taxable Municipal Income Fund
FFA,First Trust Enhanced Equity Income Closed Fund
VVR,Invesco Senior Income Trust
CAL,Caleres Inc
FPI,Farmland Partners Inc
WEAV,Weave Communications Inc
NPFD,Nuveen Variable Rate Preferred Income Closed End Fund
GOOS,Canada Goose Holdings Inc
ETB,Eaton Vance Tax Managed Buy Write Income Closed Fund
MOV,Movado Group Inc
GETY,Getty Images Holdings Inc
MTB PR K,M T Bk Dep Shs Repstg 1 400Th Int Perp Non Cum Pfd Ser K
EVH,Evolent Health Inc
ALIT,Alight Inc
LXFR,Luxfer Holdings PLC
NLY PR I,Annaly Capital Management Pref Shs Series I
EBS,Emergent BioSolutions Inc
STT PR G,State Street DS Representing 1/4000th Perpetual Non Cumulative Pref Shs Series G
COF PR L,Capital One FINL DRC Rep 1 40TH INT Pref Shs Series L
ISD,PGIM High Yield Bond Fund，Inc
AXS PR E,Axis Cap 100 DS Representing 1 Pref Shs Series E
ADCT,ADC Therapeutics SA
CMDB,Costamare Bulkers Holdings Ltd
CINT,Ci&T Inc
BRCC,BRC Inc
KLC,Kindercare Learning Companies Inc
ZKH,ZKH Group Ltd ADR
GOTU,Gaotu Techedu Inc ADR
WDH,Waterdrop Inc ADR
LZM,Lifezone Metals Ltd
SES,SES AI Corp
NPWR,NET Power Inc
NLY PR G,Annaly Capital Management Pref Shs Series G
HPI,John Hancock Preferred Income Closed Fund
FINS,Angel Oak Financial Strategies Income Term Trust
LDI,loanDepot Inc
EVN,Eaton Vance Municipal Income Trust
CBAN,Colony Bankcorp Inc
SCHW PR J,Charles Schwab DS Each Rep 1 40 Intrst of 4 450 Non Cumulative Perpetual Pref
DFP,Flaherty & Crumrine Dynamic Pfd and Inc Fd
BGR,BlackRock Energy and Resources Closed Fund
KREF,KKR Real Estate Finance Trust Inc
MTW,Manitowoc Company Inc
BBBY,Bed Bath & Beyond Inc
CFG PR H,Citizens Finl Group Dep Shs Repstg 1 40Th Perp Pfd Series H
SGU,Star Group Units
CFG PR I,Citizens Finl Group Dep Shs Repstg 1 40Th Perp Pfd Ser I Depositary Share
CLBR,Colombier Acquisition Corp III
MUA,BlackRock MuniAssets Fund，Inc.
MVF,BlackRock MuniVest Fund，Inc.
PSA PR L,Public Storage 1000 Depositary Shares Representing 4 625 Cumulative Pref Shs
FVR,FrontView REIT Inc
GCO,Genesco Inc
NOA,North American Construction Group Ltd
FVRR,Fiverr International Ltd
MEI,Methode Electronics Inc
FHN PR H,First Horizon Depositary Sh Repstg 1 4000 Int Sh Non Cum Perp Pfd Stk Ser H
OEC,Orion SA
MS PR L,Morgan Stanley 1000 Depositary Share Representing Pref Shs Series L
CYH,Community Health Systems Inc
SDHY,PGIM Short Duration High Yield Opportunities Fund
LEO,BNY Mellon Strategic Municipals Inc
FRA,BlackRock Floating Rate Income Strategies Fd，Inc.
RITM PR C,Rithm Capital 6 375 Cumulative Redeemable Pref Shs Series C
NCV,Virtus Convertible And Income Fund
ATH PR D,Athene Holding DS Representing a 1 1 000 Non Cum Pref Shs Series D
EQV.U,EQV Ventures Acquisition Units
KNOP,KNOT Offshore Partners Common Units
FOF,Cohen & Steers Closed End Opportunity Closed Fund
DIN,Dine Brands Global Inc
RNGR,Ranger Energy Services Inc
WHR PR A,Whirlpool Dep Shs Repstg 1 20th Int Mandatory Conv Prf Series A
GBAB,Guggenheim Taxable Muni Bd & Inv Grade Dbt Trust
AVBC,Avidia Bancorp Inc
PFL,Pimco Income Strategy Closed Fund
PSFE,Paysafe Ltd
BOC,Boston Omaha Corp
BXC,Bluelinx Holdings Inc
LND,BrasilAgro - Companhia Brasileira de Propriedades Agricolas ADR
GTN,Gray Media Inc
KEY PR K,Keycorp New Depository Shares Representing 1 40th Ownership Fixed Rate
PSA PR P,PUBLIC STORAGE DS Representing 1 1000TH BEN Pref Shs Series P
MYN,BlackRock MuniYield New York Quality Fund，Inc.
MAGN,Magnera Corp
SOR,Source Capital Beneficial Interest
PNFP PR B,Pinnacle Financial Partners Non Cumulative Prf Shs Series B
CTEV,Claritev Corp
NC,NACCO Industries Inc
CVEO,Civeo Corp
HTT,High Templar Tech Ltd ADR
XPER,Xperi Inc
QUAD,Quad/Graphics Inc
MZYX,Mozayyx Acquisition Corp
TDS PR U,TELEPHONE DATA SYS 1000 DRC Representing 6 625 Cumulative Redeemable Perp Pref
YEXT,Yext Inc
GNE,Genie Energy Ltd
FCRS,FutureCrest Acquisition Corp
KRSP.U,Rice Acquisition Redeemable Units
NWAX.U,New America Acquisition I Units
SMWB,Similarweb Ltd
SAR,Saratoga Investment Corp
WLYB,John Wiley & Sons Inc Class B
DBI,Designer Brands Inc
NAN,Nuveen New York Quality Municipal Income Fund
ALUB,Alussa Energy Acquisition Corp II
KEY PR J,KeyCorp DS Rep 1/40th Fixed Rate Perpetual Non Cumulative PRF Shs Series F
FTW,Presidio Production Co
AWP,abrdn Global Premier Properties Mutual Fund
MCI,Barings Corporate Investors
BLND,Blend Labs Inc
JGH,Nuveen Global High Income Fund
FPH,Five Point Holdings LLC
HIX,Western Asset High Income Fund II Inc
EDD,Morgan Stanley Emerging Mrkt Domestic Debt Fd Inc
JRI,Nuveen Real Asset Income and Growth Fund
VHI,Valhi Inc
ACCO,ACCO Brands Corp
SCD,LMP Capital & Income Fund
SOUL,Soulpower Acquisition Corp
KTF,DWS Municipal Income Trust
MIY,BlackRock MuniYield Michigan Quality Fund，Inc.
HFRO,Highland Opportunities and Income Fund
USNA,USANA Health Sciences Inc
HIO,Western Asset High Income Opportunity Closed Fund
NL,NL Industries Inc
SBXE,SilverBox Corp V
HPF,John Hancock Preferred Income II Closed Fund
MLP,Maui Land & Pineapple Company Inc
HIG PR G,Hartford Insurance Group Depositary Shares Representing  1 1000Th 6 000 Non
BGS,B&G Foods Inc
PSBD,Palmer Square Capital BDC Inc
ZTR,Virtus Total Return Fund Inc.
CFG PR E,Citizens Financial Group DR Representing 1/40th Perpetual Preferred Series E
NXG,NXG NextGen Infrastructure Income Fund
MSB,Mesabi Trust
EVTL,Vertical Aerospace Ltd
AII,American Integrity Insurance Group Inc
HVT,Haverty Furniture Companies Inc
SCE PR N,Sce Trust Viii Prf Shs Series N
SCE PR L,SCE Trust VI Tr Pref Shs
ASG,Liberty All Star Growth Closed Fund
PPT,Putnam Premier Income Trust
EMF,Templeton Emerging Markets Closed Fund
CION,Cion Investment Corp
JOF,Japan Smaller Capitalization Closed Fund
RM,Regional Management Corp
AGD,abrdn Global Dynamic Dividend Mutual Fund
DSX,Diana Shipping Inc
OPTU,Optimum Communications Inc
VLN,Valens Semiconductor Ltd
UP,Wheels Up Experience Inc
BNED,Barnes & Noble Education Inc
RLJ PR A,RLJ Lodging 1.95 Cumulative Convertible Pref Shs Series A
SPXX,Nuveen S&P 500 Dynamic Overwrite Closed End Fund
VACI,Viking Acquisition Corp I
BGT,BlackRock Floating Rate Income Closed Fund
NGL PR B,NGL Energy Partners 9 Cumulative Redeemable Perpetual Pref Shs Unit Class B
AUNA,Auna SA
PINE,Alpine Income Property Trust Inc
CIM PR B,Chimera Investment 8 00 Cumulative Redeemable Pref Shs Series B
RFMZ,RiverNorth Flexible Municipal Income Fund II Inc.
WNC,Wabash National Corp
SAC,Safeguard Acquisition Corp
AFB,AllianceBernstein National Municipal Income Fund
RIV,RiverNorth Opportunities Fund Inc
BML PR L,Bank of America Depository Shares Repstng 1/1200th of Floating Rate Non Cum
USB PR S,US Bancorp Del DS Representing 1 1000Th Int Non Cum Perp Pref Shs Series O
JACS,Jackson Acquisition Co II
MXF,Mexico Closed Fund
MBI,MBIA Inc
TCI,Transcontinental Realty Investors Inc
EFR,Eaton Vance Senior Floating Rate Closed Fund
MTAL,Metals Acquisition Corp II
COSO,CoastalSouth Bancshares Inc
CRD.A,Crawford & Co Class A
NCA,Nuveen California Municipal Value Fund
SEG,Seaport Entertainment Group Inc
SRV,NXG Cushing Midstream Energy Closed End Fund
CLBR.U,Colombier Acquisition III Units
BH.A,Biglari Holdings Inc Class A
HLLY,Holley Inc
RNR PR G,RenaissanceRe Holdings DRC Rep 1 1000th Interest 4 20 Pref Shs Series G
SI,Shoulder Innovations Inc
ARDC,Ares Dynamic Credit Allocation Fund Inc
CMTG,Claros Mortgage Trust Inc
RFI,Cohen Steers Total Return Realty Closed Fund
MZYX.U,MOZAYYX Acquisition Redeemable Units
RC,Ready Capital Corp
FCRS.U,FutureCrest Acquisition Units
JENA,Jena Acquisition Corp II
DSM,BNY Mellon Strategic Municipal Bond Fund Inc
ANG PR D,American Natl Group Inc New Depositary Shs Repstg 1/1000Th Int Pfd Ser D
TEI,Templeton Emerging Markets Income Closed Fund
NCZ,Virtus Convertible and Income Fund II
USB PR Q,US Bancorp Del 1000 DS Repstg Perp Pref Shs Series L
ALUB.U,Alussa Energy Acquisition Redeemable Units
JPI,Nuveen Preferred Securities and Income Opptys Fund
KWY,Kingsway Corp
ONIT,Onity Group Inc
WAL PR A,Western Alliance Ban Oration 400 Dep Shs Repst Perpetual Pref Shs Series A
EFT,Eaton Vance Floating Rate Income Closed Fund
KPET,KPET Ultra Paceline Corp
VOYA PR B,Voya Financial 40 DRC Representing Pref Shs Series B
NUS,NU Skin Enterprises Inc
OIA,Invesco Muni Income Opportunities Trust
NREF,Nexpoint Real Estate Finance Inc
BRW,Saba Capital Income & Opportunities Fund
XFLT,XAI Octagon Floating Rate & Alternative Income Tr
LVWR,LiveWire Group Inc
SPCE,Virgin Galactic Holdings Inc
CABO,Cable One Inc
NPCT,Nuveen Core Plus Impact Fund
RITM PR B,Rithm Capital 7 125 Cumulative Redeemable Pref Shs Series B
NLY PR J,Annaly Cap Mgmt Cum Red Fixed Pref Shs Ser J
DBL,DoubleLine Opportunistic Credit Fund
MMD,NYLI MacKay DefinedTerm Muni Opport Fd
ACV,Virtus Diversified Income And Convertible Fund
GCTS,GCT Semiconductor Holding Inc
BGH,Barings Global Short Duration High Yield Fund
PMO,Putnam Municipal Opportunities Trust
XPOF,Xponential Fitness Inc
SITC,Site Centers Corp
RMM,RiverNorth Managed Duration Muni Income Fd Inc
UMH PR D,Umh Pptys  Cumulative Redeemable  Pref Shs Series D
JCE,Nuveen Core Equity Alpha Closed Fund
EOD,Allspring Global Dividend Opportunity Mutual Fund
MIN,MFS Intermediate Income Trust
PAII,Pyrophyte Acquisition Corp II
DLR PR L,Digital Realty Pref Shs Series L
TDF,Templeton Dragon Closed Fund
KF,Korea Closed Fund
SBXD,SilverBox Corp IV
TG,Tredegar Corp
BRT,BRT Apartments Corp
ZH,Zhihu Inc ADR
PSA PR R,Public Storage DS  Repstg 1 1000  of a 4 00 Cumulative Pref Shs Series R
SOUL.U,Soulpower Acquisition Units
COF PR N,Capital One Finl DRC Repstg 1 40Th Prf Shs Series N
FC,Franklin Covey Co
CAF,Morgan Stanley China A Share Closed Fund
HBB,Hamilton Beach Brands Holding Co
ACRE,Ares Commercial Real Estate Corp
ABR PR F,Arbor Realty Trust 6.25 Cumulative Pref Shs Series F
PMM,Putnam Managed Municipal Income Closed Fund
RLTY,Cohen & Steers Real Estate Opps and Income Fund
SCM,Stellus Capital Investment Corp
RF PR E,Regions Finl Drc Series E
TVC,Tennessee Valley Authority Power Bonds 1998 Series D due 01 June 2028
EOT,Eaton Vance National Municipal Opportunities Closed Fund
ATH PR B,Athene Hldg Depository Shares Repstg 1 1000 Perp Non Cum Prf Series B
MFA PR C,Mfa Finl Pref Shs Series C
VACI.U,Viking Acquisition Units
TVE,Tennessee Valley Authority Power Bonds 1999 Series A due May 1 2029 (Putable
ZIP,Ziprecruiter Inc
RCS,PIMCO Strategic Income Fund Inc
BKT,BlackRock Income Trust，Inc.
PSA PR H,Public Storage DS Representing 1/1000 Cumulative Pref Shs Class H
MTB PR H,M and T Bank Perpetual Fixed to Floating Rate Non Cumulative Prf Shs Series H
OSG,Octave Specialty Group Inc
FCT,First Trust Senior Floating Rate Income Fund II
RAC.U,Rithm Acquisition Units
NUW,Nuveen AMT-Free Municipal Value Fund
CIA,Citizens Inc
JENA.U,Jena Acquisition II Units
TWO PR B,Two Harbors Invest 7.625 Fixed to Floating Rate Cumulative Redeemable Pref Shs
MCR,MFS Charter Income Trust
MMT,MFS Multimarket Income Trust
RAC,Rithm Acquisition Corp
NXDT,NexPoint Diversified Real Estate Trust
PNNT,Pennantpark Investment Corp
SMRT,SmartRent Inc
COPL,Copley Acquisition Corp
JACS.U,Jackson Acquisition II Units
LAW,CS Disco Inc
HPP PR C,Hudson Pacific Properties 4 750 Cumulative Redeemable Pref Shs Series C
EIC,Eagle Point Income Company Closed End Fund
PHT,Pioneer High Income Fund，Inc.
CIM PR C,Chimera Investment Cumulative Redeemable Pref Shs Series C
YSG,Yatsen Holding Ltd ADR
SAC.U,Safeguard Acquisition Units
MITT,TPG Mortgage Investment Trust Inc
SBXE.U,SilverBox V Units
PSA PR I,Public Storage 1000 DS Repstg Ben Int Cum Pfd Series I
MTAL.U,Metals Acquisition II Units
PSA PR G,Public Storage DS Representing 1/1000 Cum Pref Shs Series G
CBNA,Chain Bridge Bancorp Inc
TWO PR C,Two Harbors Investment Cum Redeemable Fixed to Fltg Rate Pref Shs Series C
EAF,GrafTech International Ltd
BAC PR E,Bank of America Depositary Shares Representing 1/1000th of Floating Rate Non
JRS,Nuveen Real Estate Income Closed Fund
KREF PR A,KKR Real Estate Finance Trust 6.50% Cumulative Redeem Pref Shs Series A
KCAC.U,Kensington Capital Acquisition VI Units
PSF,Cohen & Steers Select Preferred and Income Fd Inc
LGI,Lazard Global Total Return & Income Closed Fund
SABA,Saba Capital Income & Opportunities Fund II
BML PR H,Bank of America Depository Shares Repstg 1/1200th Floating Rate Non Cumulative
KPET.U,KPET Ultra Paceline Units
BIII,Black Spade Acquisition III Co
IRAB,Iris Acquisition II Corp
CLW,Clearwater Paper Corp
ARL,American Realty Investors Inc
EP PR C,El Paso Energy Capital 4.75% Conv Pref
PSA PR F,Public Storage 1000 DS Representing Pref Shs Series F
TPVG,Triplepoint Venture Growth BDC Corp
SPMC,Sound Point Meridian Capital Inc
PNFP PR C,Pinnacle Financial Partners Inc ADR
MTNE.U,CH4 Natural Solutions Units
ALL PR I,Allstate 1000 DS Represnting Perp Pref Shs Series I
SBXD.U,SilverBox IV Units
AHL PR F,Aspen Insurance Holdings Depositary Shs Repstg 1 1000 Int In Sh Of Perpetual
VNO PR M,Vornado Rlty Cumulative Redeemable Pref Shs Series M
MFM,MFS Municipal Income Trust
LANV,Lanvin Group Holdings Ltd
ACH,Accendra Health Inc
TSI,TCW Strategic Income Closed Fund
NPV,Nuveen Virginia Quality Municipal Income Fund
UIS,Unisys Corp
VNO PR L,Vornado Realty 5.40% Cumulative Redeemable Pref Shs Series L
QLEP.U,Quantum Leap Acquisition Units
DDT,Dillards Capital Trust I 7.50% Capital Securities Exp 01 Aug 2038
NSA PR A,National Storage Affiliates Redeemable Pref Shs Series A
IDE,Voya Infrastructure Industrials & Materials Fund
PAII.U,Pyrophyte Acquisition II Units
ETX,Eaton Vance Municipal Income 2028 Term Trust
KIM PR M,Kimco Rlty DS Representing 1/1000 5.25 Cumulative Redeemable Pref Shs Class M
AMPY,Amplify Energy Corp
AGM.A,Federal Agricultural Mortgage Corp Class A
MX,Magnachip Semiconductor Corp
CANG,Cango Inc
SRI,Stoneridge Inc
VNO PR N,Vornado Rlty 5.25 Cumulative Redeemable Pref Shs Series N
FBRT PR E,Franklin BSP Realty Trust 7 50 Cumulative Redeemable Pref Shs Series E
AP,Ampco-Pittsburgh Corp
PNFP PR A,Pinnacle Financial Partners Non Cumulative Prf Shs Series A
IIF,Morgan Stanley India Investment Closed Fund
SF PR C,Stifel Financial 6 125 Dep Shs Rep 1000 Non Cum Pref Shs Series C
MHI,Pioneer Municipal High Income Fund，Inc.
AOMR,Angel Oak Mortgage REIT Inc
FT,Franklin Universal Closed Fund
AHL PR E,Aspen Insurance Holdings 1000 DS Representing Perp Pref Shs
DLNG,Dynagas LNG Partners Common Units
KCA.U,Kensington Capital Acquisition VI Units
RMAX,Re/Max Holdings Inc
DMB,BNY Mellon Municipal Bond Infrastructure Fund In
BEBE,TGE Value Creative Solutions Corp
SF PR D,Stifel Financial 4 50 Dep Shs Rep 1000th Pref Shs Series D
CRD.B,Crawford & Co Class B
CIM PR D,Chimera Invt 8 Cumulative Redeemable Pref Shs Series D
AIIA,AI Infrastructure Acquisition Corp
SMHI,SEACOR Marine Holdings Inc
VPV,Invesco Pennsylvania Value Municipal Income Trust
EQH PR C,Equitable Hldgs Drc Series C
MAV,Pioneer Municipal High Income Advantage Fund，Inc.
SLG PR I,SL Green Realty 6.50 Per Cumulative Redeemable Pref Shs Series I
OAK PR B,Brookfield Oaktree Holdings Units Pref Shs Series B
MIO,Pioneer Municipal High Income Opportnts Fund，Inc.
DBRG PR I,DigitalBridge Group 7.15 Cumulative Redeemable Perpetual Pref Shs Series I
GF,New Germany Fund Inc.
OPP,RiverNorth/DoubleLine Strategic Opportunity Fund
SJT,San Juan Basin Royalty Units
HGLB,Highland Global Allocation Fund
GAM PR B,General American Investors 5.95% Series B Cumulative Pref Shs
DLR PR K,Digital Rlty Red Pfd Series K
WIA,Western Asset Inflation Linked Income Closed End Fund
MDV,Modiv Industrial Inc
PSA PR J,Public Storage 1000 DS Repstg Cumulative Pref Shs
GNL PR D,Global Net Lease 7 50 Cumulative Redeemable Perpetual Prf Shs Series D
COPL.U,Copley Acquisition Units
JILL,JJill Inc
TEN PR F,Tsakos Energy Navigation Cum Red Perp Fixed to Fltg Pref Shs Series F
RITM PR E,Rithm Cap Fxd Rate Cumulative Redeemable Pref Shs Ser E
PMT PR C,PennyMac Mortgage Investment 6 75 Cumulative Red Pref Shs Series C
ENO,Entergy New Orleans First Mortgage Bonds 5 50 Series Pref Shs Exp 1 April 2066
TRAK,ReposiTrak Inc
MPV,Barings Participation Investors
PEB PR G,Pebblebrook Hotel Tr Cum Red Pfd Pref Shs Series G
EARN,Ellington Credit Closed End Fund
FF,FutureFuel Corp
BWIV,Blue Water Acquisition Corp IV
ELME,Elme Communities
EHI,Western Asset Global High Income Fund
VNO PR O,Vornado Realty 4 45 Cumulative Redeemable Pref Shs Series O
PMT PR B,Pennymac Mtg Invt 8 Fxd To Fltng Rte Cum Redeemable Pref Shs Series B
VATE,Innovate Corp
GGT,Gabelli Multimedia Trust Inc
DHF,BNY Mellon High Yield Strategies Fund
SLQT,SelectQuote Inc
XYF,X Financial ADR
NLOP,Net Lease Office Properties
ALTG,Alta Equipment Group Inc
FLC,Flaherty Crumrine Total Return Mutual Fund  Incorporated
PERF,Perfect Corp
CHN,China Closed Fund
BIII.U,Black Spade Acquisition III Units
BOH PR B,Bank Hawaii Dep Shs Repstg 1 40Th Int Sh Non Cum Perpetual Pfd Class B
CHGG,Chegg Inc
CODI PR C,Compass Diversified Hldgs Ser C Pref Shs Series C
TRTN PR C,Triton International Cumulative Redeemable Perpetual Preferred Series C
IRAB.U,Iris Acquisition II Units
DBRG PR J,DigitalBridge Group 7.125 Cumulative Redeemable Perpetual Pref Shs Series J
FOA,Finance of America Companies Inc
KIM PR L,Kimco Realty DS Representing 1/1000 5.125% Cum Redm Pref Shs Class L
BW PR A,BABCOCK WILCOX ENTERPRISES Perpetual Pref Shs
CHPT,ChargePoint Holdings Inc
PSA PR K,Public Storage Ds Repstg 1 1000 Cum Ben Int Series K Prf Shs Series K
BHR,Braemar Hotels & Resorts Inc
VBF,Invesco Bond Fd
ONL,Orion Properties Inc
AUB PR A,Atlantic Un Bankshares 400 Dep Shs Repstg 1 Perp Prf  Shs Series A
CODI PR B,Compass Diversified Holdings 7.875 Fixed Floating Rate Cumulative Pref Shs
SEAL PR B,Seapeak 8 50 Fixed to Floating Rate Cumulative Redeemable Perpetual Pref Shs
PSA PR N,Public Storage Dep Shs Repstg 1 1000 Pfd Sh Ben Int Ser N Drc Series N
EDF,Virtus Stone Harbor Emerging Markets Income Fund
TBI,TrueBlue Inc
BML PR J,Bank of America Depository Shares Repstg 1/1200th of Floating Rate Non Cum Pref
BSL,Blackstone Senior Floating Rate 2027 Term Fund
ASB PR E,Associated Banc 40 Depositary Shares Representing Pref Shs Series E
MFA PR B,MFA Financial 7.50% Cumulative Redeemable Pref Shs Series B
OWLT,Owlet Inc
TRTN PR G,Triton Intl Cum Red Perp Pref Shs Ser G
DOUG,Douglas Elliman Inc
PNI,PIMCO New York Municipal Income Fund II
IVR PR C,Invesco Mortgage Capital 7 5 Fixd to Floating Cum Redem Pref Shs Series C
NSA PR B,National Storage Affiliates 6 000  Cumulative Redeemable Preferred Shares of
NAZ,Nuveen Arizona Quality Municipal Income Fund
GPMT PR A,Granite Point Mortgage Trust 7 00  Fixed to Floating Rate Cumulative Redeemable
WRB PR G,W R Berkley 425 Subordinated Debenture due 2060
ASB PR F,Associated Banc 40 DS Representing 5 625 Non Cumulative Pref Shs Series F
KORE,KORE Group Holdings Inc
DLR PR J,Digital Rlty 5.250% Cum Redeemable Pref Shs Series J
AXIA PR C,Axia Energia SA ADR
VTN,Invesco Trust For Inv Grade NY Munis
GLED,GalaxyEdge Acquisition Corp
NNY,Nuveen New York Municipal Value Fund
GS PR C,Goldman Sachs Group Depository Shares Repstg 1/1000th Floating Rate Non
PSA PR S,Public Storage Depositary Shs Each Repstg 1 1000 Of of a  4 100 Cumulative Pfd
COOK,Traeger Inc
BMN,BlackRock 2037 Municipal Target Term Trust
WPAC,White Pearl Acquisition Corp
SCE PR G,SCE 5.10% TRUPS
CMS PR C,CMS Energy DRC representing a 1 1000th interest 4 200 Cumulative Pref Shs
ARR PR C,ARMOUR Residential REIT 7 00 Cumulative Redeemable Prf Shs Series C
GNL PR A,Global Net Lease 7.25 Cumulative Redeemable Pref Shs Series A
TRTX PR C,TPG RE Finance Trust 6 25 Cumulative Red Pref Shs Series C
MHF,Western Asset Municipal High Income Fund
AIIA.U,AI Infrastructure Acquisition Units
ABR PR D,Arbor Realty Trust 6 375 Cumulative Redeemable Pref Shs Series D
WHG,Westwood Holdings Group Inc
YRD,Yiren Digital Ltd ADR
DHX,DHI Group Inc
NRDY,Nerdy Inc
AHRT PR A,AH Realty 6 75 Cumulative Redeemable Perpetual Prf Shs Series A
PIM,Putnam Master Intermediate Income Trust
IGA,Voya Global Advantage & Premium Opportunity Fund
SF PR B,Stifel Financial 6 25 Non Cum Dep Shs Rep 1000th Pref Shs Series B
AHH PR A,Armada Hoffler Properties Pref Shs Series A
BEBE.U,TGE Value Creative Solutions Units
JELD,JELD-WEN Holding Inc
OAK PR A,Brookfield Oaktree Holdings 6 625 Pref Shs Series A
ETSS.U,Energy Transition Special Opportunities Redeemable Units
MSD,Morgan Stanley Emerging Markets Debt Closed Fund
TRTN PR F,Triton International 7 625 Cumulative Redeemable Perpetual Prf Shs Series F
SPE,Special Opportunities Fund，Inc.
TRTN PR B,TRITON INTL Perpetual Pref Shs Series B
PFD,Flaherty Crumrine Preferred and Income Mutual Fund  Incorporated
PSA PR M,Public Storage DS Repstg 1 1000 Int Cum Pref Shs Series M
CMCM,Cheetah Mobile Inc ADR
FHN PR E,First Horizon 4000 Depositary Shs Representing Perp Pref Shs Series E
MPA,BlackRock MuniYield Pennsylvania Quality Closed Fund
TRAD,APEX Tech Acquisition Inc
BEP PR A,Brookfield Renewable Red Perp Class A Pref Shs Series 17
TRAD.U,APEX Tech Acquisition Units
EVG,Eaton Vance Short Duration Diversified Income Closed Fund
XFLH,XFLH Capital Corp
EPR PR C,EPR Properties 5.75% Cumulative Conv Pref Shs Series C
HEQ,John Hancock Diversified Income Fund
MED,Medifast Inc
ACR,Acres Commercial Realty Corp
PEB PR H,Pebblebrook Hotel 5 700 Cumulative Redeemable Pref Shs Series H
WENC,West Enclave Merger Corp
SRG,Seritage Growth Properties
TRTN PR D,Triton International 6.875% Cumulative Redeemable Perpetual Prf Shs Series D
AXR,AMREP Corp
BGX,Blackstone Long Short Credit Income Fund
BIP PR A,Brookfield Infrastructure 5 125 Class A Limited Partnership Pref Units Series 13
CURV,Torrid Holdings Inc
CEE,Central and Eastern Europe Fund Inc
DAVA,Endava PLC ADR
HYI,Western Asset High Yield Opportunity Fund Inc.
BWIV.U,Blue Water Acquisition IV Redeemable Units
TRTN PR E,Triton International 5 75 Cumulative Redeemable Perpetual Pref Shs Series E
SKLZ,Skillz Inc
BIP PR B,Brookfield Infrastructure Partners PFD Units
GRX,Gabelli Healthcare & WellnessRx Trust
TFC PR I,Truist Financial Ds Representing 1 4000Th Interest Non-Cumulative Perpetual
AMWL,American Well Corp
TLYS,Tillys Inc
GNT,GAMCO Natural Resources Gold & Income Trust
BWG,BrandywineGLOBAL Global Income Opptys Fd Inc
GLOP PR A,Gaslog Partners 8 625 Cumulative Redeemable Perpetual Pref Shs Series A
WBS PR G,Webster Financial Depositary Shs Each Rep 1 40th Interest of 6 50 Pref Shs
VECA,Vernal Capital Acquisition Corp
IHD,Voya Emerging Markets High Dividend Equity Fund
BTA,BlackRock Long Term Municipal Advantage Trust
CIM PR A,Chimera Investment Pref Shs Series A
JHS,John Hancock Income Securities Closed Fund
DMO,Western Asset Mortgage Opportunity Fund
ZEPP,Zepp Health Corp ADR
WBS PR F,Webster Financial Ds Representing 1 1000 Series F Non Cumulative Perpetual Pref
ZVIA,Zevia PBC
SEAL PR A,Seapeak 9 00 Cumulative Redeemable Perpetual Prf Shs Series A
DBRG PR H,DigitalBridge Group 7.125 Cumulative Redeemable Perpetual Pref Shs Series H
TWO PR A,Two Harbors Investment 8.125 Cum Red Pref Shs Series A
SRFM,Surf Air Mobility Inc
NMT,Nuveen Massachusetts Quality Municipal Income Fund
EPR PR G,Epr Properties 5 750 Cumulative Redeemable Pref Shs Series G
TEN PR E,Tsakos Energy Navigation Fixed Fltg Perpetual Pref Shs Series E
WEA,Western Asset Premier Bond Closed Fund
RMMZ,RiverNorth Managed Duration Muni Income Fd II Inc.
PHD,Pioneer Floating Rate Fund，Inc.
MCN,XAI Madison Equity Premium Income Fund
NMI,Nuveen Municipal Income Fund Inc
ACR PR C,ACRES Commercial Realty 8 625 Fixed to Floating Cumulative Redeemable Pref Shs
WPAC.U,White Pearl Acquisition Units
BFH PR B,Bread Financial Hlds Depositary Shares representing 1 40th interest a share of
YCY.U,AA Mission Acquisition II Units
GHI,Greystone Housing Impact Investors Units
YCY,AA Mission Acquisition Corp II
EFC PR B,Ellington Financial 6 250 Fixed Rate Reset Cumulative Redeemable Pref Shs
ADC PR A,Agree Rlty 1000 Dep shs Rep of a 4 250 Cumulative Redeemable Pref Shs Series A
GLED.U,GalaxyEdge Acquisition Units
PFO,Flaherty Crumrine Preferred and Income Opportunity Mutual Fund  Incorporated
GSL PR B,Global Ship Lease  Representing 8.75 Cumulative Redeemable Perpetual Pref Shs
GGZ,Gabelli Global Small and Mid Cap Value Closed Fund
QRED,QuasarEdge Acquisition Corp
PEB PR F,Pebblebrook Hotel 6.3 Cumulative Redeemable Pref Shs Series F
QRED.U,QuasarEdge Acquisition Units
DX PR C,Dynex Cap Pref Shs Series C
FRT PR C,Federal Realty Investment Depositary Shares representing 1 1000th 5 Cumulative
JHI,John Hancock Investors Closed Fund
BOH PR A,Bank of Hawaii DRC Each Representing 1/40th Interest 4 375 Fixed Rate Non
TSQ,Townsquare Media Inc
NIM,Nuveen Select Maturities Municipal Fund
PAI,Western Asset Investment Grade Income Closed End Fund Inc
CXE,MFS High Income Municipal Trust
AMH PR H,American Homes 4 Rent Series H Pref Shs
INN PR E,Summit Hotel Pptys Cum Red Pref Shs Series E
IIPR PR A,Innovative Industrial Properties 9.00% Cumulative Redeemable Pref Shs Series A
RPT,Rithm Property Trust Inc
SAGU.U,Shreya Acquisition Group Units
CTA PR B,EIDP INC USD3.50 CUM PFD NPV
EPR PR E,EPR Properties 9.00% Cumulative Conv Pref Shs Series E
KIM PR N,Kimco Realty Oration Depositary Shares Representing 1000Th 7 25 Cum Convertible
CMRE PR D,Costamare 8.75 Cumulative Redeemable Perpetual Pref Shs Series D
SBI,Western Asset Intermediate Muni Fund
PLUN.U,Plutonian Acquisition II Units
AMH PR G,American Homes 4 Rent Series G Cumulative Redeemable Perpetual Prf Shs
AKA,AKA Brands Holding Corp
PMT PR A,PennyMac Mortgage Investment 8.125 Cum Red Preferred Shs Series A
TAP.A,Molson Coors Beverage Co Class A
CMRE PR C,Costamare 8.50% Cumulative Redeemable Perpetual Pref Shs Series C
GNL PR E,Global Net Lease 7 375 Cumulative Redeemable Perpetual Prf Shs Series E
WENC.U,West Enclave Merger Units
FHN PR F,First Horizon DRC Rep 1 4000th Perp Pref Shs Series F
PCF,High Income Securities Fund
VECA.U,Vernal Capital Acquisition Units
OTAI.U,Starlink AI Acquisition Units
PSA PR O,PUBLIC STORAGE 1000 DEPOSITARY SHS REPSTG PFD BEN INT SER O
CTO PR A,CTO Realty Growth 6 375 Cumulative Redeemable Pref Shs Series A
XFLH.U,XFLH Capital Units
EFC PR C,Ellington Finl Cumulative Pfd Redeemable Fxd Rate Reset Series C
CFR PR B,Cullen Frost Bankers 40 Depositary Shares Representing Ord Shs Series B
GNL PR B,GLOBAL NET LEASE Perpetual Pref Shs Series B
LOB PR A,Live Oak Bancshares Depositary Shs Repstg 1 40Th Int Non Cumulative Perpetual
BFS PR E,Saul Ctrs 100 DS Repstg Pref Series E
PGP,PIMCO Global StocksPLUS & Income Fund
JLS,Nuveen Mortgage and Income Fund
ACR PR D,ACRES Commercial Realty 7 875 Cumulative Red Pref Shs Series D
SOL,Emeren Group Ltd ADR
DCOM PR,Dime Community Bancshares Pref Shs Series A
AGM PR I,Federal Agricultural Mtg Non Cumulative Preferred Shs Series I
AGM PR H,Federal Agric Mtg Non Cumulative Prf Shs Series H
CODI PR A,Compass Diversified Hldgs 7.25 Pref Shs Series A
RMI,RiverNorth Opportunistic Municipal Income Fund Inc
GDV PR K,Gabelli Dividend and Income 4 250 Cumulative Pref Shs Series K
IGI,Western Asset Investment Grade Opps Trust Inc.
HFRO PR A,Highland Opportunities and Income Fund 5 375 Series A Cumulative Pref Shs
CLDT PR A,Chatham Lodging 6 625 Cumulative Redeemable Pref Shs Series A
MITT PR C,Mortgage Investment Trust Pref Shs Series C
ABR PR E,ARBOR RLTY Pref Shs Series E
MGF,MFS Government Markets Income Closed Fund
RGT,Royce Global Trust Inc
GDL,GDL Fund
GCV,Gabelli Convertible and Income Securities Mutual Fund
SHO PR H,Sunstone Hotel Investors 6 125 Cumulative Redeemable Pref Shs Series H
EVF,Eaton Vance Senior Income Closed Fund
AGM PR F,FEDERAL AGRIC MTG 5 250 Non Cumulative Pref Shs Series F
PSEC PR A,Prospect Capital 5 35 Fixed Rate Cumulative Perpetual Pref Shs Series A
GLOP PR B,Gaslog Partners Perp Fixed Fltg Unit Pref Shs Series B
TRTN PR A,Triton Intl Red Per Pref Shs Series A
CHMI,Cherry Hill Mortgage Investment Corp
LXP PR C,LXP Industrial 6 5 Cumulative Convertible Pref Shs Series C
IAE,Voya Asia Pacific High Dividend Equity Income Fund
AGM PR G,Federal Agricultural Mortgage 4 875 Non Cumulative Pref Shs Series G
RIV PR A,Rivernorth Opportunities Fd Perpetual Pref Shs Series A
RFM,RiverNorth Flexible Municipal Income Fund Inc.
PSA PR Q,Public Storage Depositary Shares Each Representing 1 1000 of 3 950 Cumulative
NCZ PR A,Virtus Convertible And Income Fund II 5 50 Cumulative Prf Shs Series A
FMN,Federated Hermes Premier Municipal Income Closed End Fund
ICR PR A,InPoint Commercial Real Estate Income 6 75 Cumulative Redeemable Pref Shs
STEM,Stem Inc
COF PR K,Capital One Financial DS Rep 1 40th Perp Prf Series K
MITT PR B,AG Mortgage Investment 8% Per Cumulative Redeemable Pref Shs Series B
PEB PR E,Pebblebrook Hotel 6.375 Cumulative Redeemable Pref Shs Series E
CMU,MFS High Yield Municipal Trust
SB PR D,Safe Bulkers 8 Cum Redeemable Perpetual Pref Shs Series D
VGI,Virtus Global Multi-Sector Income Fund
GTN.A,Gray Media Inc Class A
AGM PR D,Federal Agricultural Mortgage 5 700 Non Cumulative Prf Shs Series D
NCV PR A,Virtus Convertible And Income Fund 5 625 Cumulative Prf Shs Series A
IH,iHuman Inc ADR
PEW,GrabAGun Digital Holdings Inc
SHO PR I,Sunstone Hotel Investors 5 70 Cumulative Pref Shs Series I
AVD,American Vanguard Corp
GDO,Western Asset Global Corporate Opportunity Fd Inc.
DTF,DTF Tax-Free Income 2028 Term Fund Inc.
DLNG PR A,Dynagas LNG Partners 9 Cumulative Redeemable Pref Units Series A
ECC PR D,Eagle Point Credit Company 6 75 Pref Shs Series D
GLOP PR C,Gaslog Partners Perpetual Unit Pref Shs Series C
SWZ,Total Return Securities Fund
ANVS,Annovis Bio Inc
GMRE PR A,Global Med REIT Cumulative Redeemable Pref Shs Series A
GLP PR B,Global Partners 9 50 Fixed Rate Cumulative Perpetual Pref Shs Series B
TISI,Team Inc
GAB PR H,Gabelli Equity Trust 5.00% Cumulative Pref Shs Series H
NMS,Nuveen Minnesota Quality Municipal Income Fund
BFH PR A,Bread Finl Hldgs Depositary Shs Repstg 1 40Th Perp Pfd Ser A
UFI,Unifi Inc
BARK,Bark Inc
XRN PR A,Chiron Real Estate Cumulative Redeemable Pref Shs Series A
BML PR G,Bank of America Depository Shares Repstg 1/1200th Floating Rate Non Cumulative
REXR PR C,Rexford Individual Realty Pref Shs Series C
GAB PR K,GABELLI EQUITY Pref Shs Series K
EEA,The European Equity Fund Inc
NRT,North European Oil Royalty Units
PDCC,Pearl Diver Credit Company Inc
DSX PR B,Diana Shipping 8.875% Cumulative Redeemable Perpetual Pref Shs Series B
PCM,PCM Fund Inc
RFL,Rafael Holdings Inc
VLT,Invesco High Income Trust II
CCIF,Carlyle Credit Income Fund
REXR PR B,Rexford Indl Rlty Pref Shs Series B
INN PR F,Summit Hotel Pptys Cum Red Pref Shs Series F
GPMT,Granite Point Mortgage Trust Inc
AGM PR E,Federal Agricultural Mortgage 5 750 Non Cumulative Pref Shs Series E
PGZ,Principal Real Estate Income Fund
HFRO PR B,Highland Opportunities and Income Fund 5 375 Cumulative Prf Shs Series B
PVL,Permianville Royalty Unit
CATO,Cato Corp
RWT PR A,Redwood Tr Prf Shs Series A
SKIL,Skillsoft Corp
CRT,Cross Timbers Royalty Units
DMA,Destra Multi-Alternative Fund
SQNS,Sequans Communications SA ADR
CXH,MFS Investment Grade Municipal Trust
RC PR E,Ready Capital 6.5 Pref Shs Series E
MXE,Mexico Equity and Income Closed Fund
RSF,RiverNorth Capital and Income Interval Fund
LFT,Lument Finance Trust Inc
CHMI PR A,Cherry Hill Mortgage Invstmnt 8 20 Cumulative Redeemable Pref Shs Series A
SPMA,Sound Point Meridian Capital 8 00 Pref Shs Series A
SPME,Sound Point Meridian Capital 7 875 Prf Shs Series B Due 2030
GMRE PR B,Global Medical REIT 8 00 Cumulative Redeemable Prf Shs Series B
FHN PR C,First Horizon 400 Depositary Shs Representing Non Cumulative Pref Shs Series C
PINE PR A,Alpine Income Ppty Tr Redeemable Pref Shs Series A
BGSF,BGSF Inc
SRG PR A,Seritage Growth Pptys Cum Red 7 00 Pref Shs Series A
SPE PR C,Special Opportunities Fund 2 75 Convertible Pref Shs Series C
SPRU,Spruce Power Holding Corp
MAA PR I,Mid America Apartment Communities 8.50% Cumulative Redeemable Pref Shs Series I
JMM,Nuveen Multi-Market Income Fund
ECCC,Eagle Point Credit Company 6 50 Term Pref Shs Series C
VOC,VOC Energy Units
TGE,Generation Essentials Group
CMRE PR B,Costamare 7.625% Cumulative Redeemable Perpetual Pref Shs Series B
GROV,Grove Collaborative Holdings Inc
RPT PR C,Rithm Ppty Tr Prf Shs Ser C
XRN PR B,Chiron Real Estate 8 00 Cumulative Redeemable Prf Shs Series B
CLPR,Clipper Realty Inc
FMY,First Trust Mortgage Income Fund
GAB PR G,Gabelli Equity Trust Cumulative Pref Shs Series G
WBX,Wallbox NV
LFT PR A,LUMENT FIN Pref Shs
GRBK PR A,Green Brick Partners Dep Shs Repstg 1 1000Th Perp Pfd Ser A
BHR PR B,Braemar Hotels Resorts 5 50 Cumulative Convertible Pref Shs Series B
NGL PR C,NGL Energy Partners 9.625 Fixed to Floating Rate Cumulative Redeemable
LITB,LightInTheBox Holding Co Ltd ADR
NXDT PR A,NexPoint Diversified Real Estate 5.50 Cumulative Pref Shs Series A
OPP PR B,Rivernorth Doubleline Strategic Opportunity Pref Shs Series B
SPG PR J,Simon Property 8.375% Cumulative Redeemable Pref Shs Series J
LOCL,Local Bounti Corp
GDV PR H,Gabelli Dividend And Income 5.375% Cumulative Preferred Shs Series H
KTN,Structured Products 8.205% Credit-Enhanced Corporate-Backed Trust Securities
MDV PR A,MODIV 7 375 Cumulative Redeemable Perpetual Pref Shs Series A
GUT PR C,Gabelli Utility 5.375 Cumulative Pref Shs Series C
AMTD,AMTD IDEA Group ADR
OPP PR A,Rivernorth Doubleline Strategic Opportunity Fd Pref Shs Series A
PRIF PR J,PRIORITY INCOME FD Term Pref Shs Series J
NREF PR A,Nexpoint Real Estate Fin Pref Series A
MITT PR A,AG Mortgage Investment Trust 8.25% Cumulative Redeemable Pref Shs Series A
EICA,Eagle Point Income Company 5 00 Term Pref Shs Series A
CHMI PR B,Cherry Hill Mtg Invt Pref Shs Series B
CTA PR A,EIDP INC USD4.50 CUM PFD NPV
CDR PR C,Cedar Realty 6 5 Cumulative Redeemable Pref Shs Series C
STG,Sunlands Technology Group ADR
GHG,GreenTree Hospitality Group Ltd ADR
PRIF PR K,Priority Income Fund 7 000 Cumulative Pref Shs Series K
EIIA,Eagle Point Institutional Income 8 125 Term Prf Shs Series A
ETI PR,Entergy Tex Pref Shs Series A
OPAD,Offerpad Solutions Inc
TY PR,Tri Continental 2.5% Cumulative Pref Shs
PYT,Merrill Lynch Depositor PPLUS Floating Rate TRUPS Series GSC-2
ACP PR A,Abrdn Income Credit Strategies 5 250 Perpetual Prf Shs Series A
GGT PR E,Gabelli Multimedia 5 125 Cumulative Pref Shs Series E
CCID,Carlyle Credit Income 7 375 Preferred Shares Series D
PDPA,Pearl Diver Credit 8 00 PRF Series A
ALTG PR A,Alta Equip Group 1000 DS Representing Prf Shs Series A
SST,System1 Inc
CMS PR B,Consumers Energy Cumulative Pref Shs Class B
CIF,MFS Intermediate High Income Fund
PSQH,PSQ Holdings Inc
HVT.A,Haverty Furniture Companies Inc Class A
KTH,Structured Products 8% Corporate-Backed Trust Securities Certificates by PECO
GWH,ESS Tech Inc
NTZ,Natuzzi SpA ADR
NYC,American Strategic Investment Co
PRIF PR D,Priority Income 7.00% Prf Shs Exp 2029 Series D
PRIF PR L,Priority Income Fund 6 375 Prf Shs Series L
BHR PR D,Braemar Hotels Resorts Pref Shs Series D
JBK,Lehman 3.50% Adjustable Corporate Backed Trust Certificates Goldman Sachs
PRT,PermRock Royalty Units
NOM,Nuveen Missouri Quality Municipal Income Fund
CNF,CNFinance Holdings Ltd ADR
GGT PR G,Gabelli Multimedia Trust Pref Shs Series G
CFND,C1 Fund Inc
FEDU,Four Seasons Education Cayman Inc ADR
SB PR C,Safe Bulkers 8.00% Cumulative Redeemable Perpetual Pref Shs Series C
MVO,MV Oil Trust Units
FENG,Phoenix New Media Ltd ADR
EQS,Equus Total Return，Inc.
CCM,Concord Medical Services Holdings Ltd ADR
CFTR PR A,Cantor Fitzgerald Income 9 50 Cumulative Redeemable Prf Shs Series A
GNT PR A,GAMCO Natural Resources Gold 5 2 Cumulative Pref Shs Series A
AHT,Ashford Hospitality Trust Inc
BHV,BlackRock Virginia Municipal Bond Closed Fund
SOS,Sos Ltd
GJP,STRATS SM Trust for Dominion Resources Securities Certificate Series 2005-6
CDR PR B,Cedar Realty 7 25 Cumulative Redeemable Pref Shs Series B
MOGU,Mogu Inc ADR
SLAI,SOLAI Ltd ADR
GJH,STRATS SM Untd States Cell 6.375 Structured Repackaged Aset Backed Securits
HL PR B,Hecla Mining Cumulative Conv Pref Series B
EFC PR D,Ellington Financial 7 00 Cumulative Perpetual Redeemable Prf Shs Series D
AHT PR G,Ashford Hospitality 7.375 Cumulative Pref Shs Series G
MTR,Mesa Royalty Trust
AHT PR D,Ashford Hospitality 8.45% Cumulative Pref Shs Series D
AHT PR I,Ashford Hospitality 7.50% Pref Shs Series I
AHT PR F,Ashford Hospitality 7.375 Cumulative Pref Shs Series F
AHT PR H,Ashford Hospitality 7 5 Cumulative Pref Shs Series H
RC PR C,Ready Capital 6 25 Cumul Convertible Prf Shs Series C
BFS PR D,Saul Ctrs 1 100 Cum DS Representing Pref Shs Series D
AHL PR D,Aspen Insurance 5 625 Perpetual Non Cumulative Pref Shs
AEFC,Aegon Funding Company 5 10 Subordinated Notes due 2049
AFGC,American Financial Group 5 125 Subordinated Debentures due 2059
AFGB,American Financial Group 5 875 Subordinated Debentures Exp 2059
AFGD,American Financial Group 5 625 Subordinated Debenture
CELG RT,Bristol Myers Squibb Company Contingent Rights Exp 31 Dec 2030
CCZ,Comcast Holdings ZONES 2 Exchangeable Subor Debentures Exp 15 Nov 2029
DUKB,Duke Energy Corporation 5.625% Junior Subordinated Debentures Exp 15 Sep 2078
ELC,Entergy Louisiana Collateral Mortgage Bonds 4.875 Series Exp 01 Sept 2066
EAI,Entergy Arkansas First Mortgage Bonds 4.875 Series Exp 01 Sept 2066
ENJ,Entergy Orleans 5% Mortgage Bonds Series Exp 01 Dec 2052
EMP,Entergy Mississippi 4.90 First Mortgage Bonds Exp 1 Oct 2066
DTW,Dte Energy Company 5 25 Junior Subordinated Debentures due 2077 Series E
GJS,Strats Sm Trust For Goldman Sachs Group Securities Certificates Series 2006-2
GJO,STRATS SM Wal-Mart 4.65 Floating Rate STRATS Certificates Series 2005-4
GJT,STRATS SM Trust for Allstate Securities Certificates Series 2006-3
GJR,STRATS SM Floating Rate Structured Repackaged Asset Backed Gamble Securities
IPB,Merrill Lynch Depositor Certificates Series 2003 1 Exp 15 May 2033
RCB,Ready Capital 6 20 Senior Notes due 2026
RZB,Reinsurance Group of America 5.75 Fixed To Floating Rate Subordinated
SFB,Stifel Financial 5 20 Senior Notes Exp 15th Oct 2047
WRB PR E,WR Berkley 5.70 Subordinated Debentures Due 2058
WRB PR F,W R Berkley 5.10% Subordinated Debentures Exp 2059
UZD,Array Digital Infrtre 6 250 Senior Notes due 2069
AFGE,American Financial Group 4 500 Subordinated Debentures due 2060
DTB,DTE Energy 4 375 Junior Subordinated Debentures Series G due 2080
MFAN,MFA Financial 8 875 Senior Notes due 2029
FGN,F&G Annuities And Life 7 950 Senior Notes due 2053
PMTU,PennyMac Mortgage Investment 8 50 Senior Notes due 2028
RZC,Reinsurance Group of America 7 125 Fixed Rate Reset Subordinated Debentures due
KMPB,Kemper 5 875 Fixed Rate Reset Junior Subordinated Debentures due 2062
BWNB,Babcock And Wilcox Enterprises 6 50 Senior Notes due 2026
DTG,DTE Energy 2021 4 375 Junior Subordinated Debentures Series E
CNO PR A,CNO Financial Group 5 125 Subordinated Debentures
UZE,Array Digital Infrtre 5 500 Senior Notes due 2070
WRB PR H,W.R. Berkley 4.125% Subordinated Debentures due 2061
UZF,Array Digital Infrtre 5 500 Senior Notes Due 2070
GL PR D,Globe Life 4 25 Junior Subordinated Debentures due 2061
CTRA,Coterra Energy Inc
RWTN,Redwood Trust 9 125 Senior Notes Due 2029
MITN,TPG Mortgage Investment Trust 9 500 Senior Notes Due 2029
ATHS,Athene Holding 7 250 Fixed Rate Reset Junior Subordinated Debentures Due 2064
MFAO,MFA Financial 9 00 Senior Notes due 2029
MITP,TPG Mortgage Investment Trust 9 500 Senior Notes Due 2029
CIMN,Chimera Investment 9 00 Senior Notes due 2029
RWTO,Redwood Trust 9 00 Senior Notes Due 2029
AOMN,Angel Oak Mortgage REIT 9.500 Senior Notes due 2029
CIMO,Chimera Investment 9 250 Senior Notes due 2029
FLG PR U,Flagstar Bank National Association Prf Shs
NEE PR T,Nextera Energy Units
RCD,Ready Capital 9.00% Senior Notes due 2029
JACS RT,Jackson Acquisition II Rights
RWTP,Redwood Trust 9 125 Senior Notes Due 2030
PMTV,PennyMac Mortgage Investment Trust 9 00  Senior Notes due 2030
TWOD,Two Harbors Investment 9 375 Senior Notes due 2030
NEE PR U,Nextera Energy Capital Holdings Junior Subordinated Debentures Series U Due
SOUL RT,Soulpower Acquisition Rights
AOMD,Angel Oak Mortgage Reit 9 750 Senior Notes Due 2030
PMTW,Pennymac Mortgage Investment 9 00 Senior Notes Due 2030
RAL WI,Ralliant Corp
JENA RT,Jena Acquisition Rights
BIT RT WI,BlackRock Multi Sector Income Rights When Issued
RIV RT WI,RiverNorth Opportunities Rights When issued Exp 06th October 2025
EMO RT WI,ClearBridge Energy Midstream Opportunity Rights When Issued Exp 10th October
CIMP,Chimera Investment 8 875 Senior Notes due 2030
UTF RT WI,Cohen Steers Infrastructure Rights When Issued Exp 16th October 2025
DTK,DTE Energy Company 2025 6 25 Junior Subordinated Debentures Series H
BKT RT WI,BlackRock Income Rights When Issued Exp 20 Oct 2025
BRW RT WI,Saba Capital Income And Opportunities Rights When Issued Expiry 28th October
JGH RT WI,Nuveen Global High Income Rights When Issued Exp 20 Nov 2025
OPP RT WI,RiverNorth DoubleLine Strategic Opportunity Fund Rights When Issued Exp 18 Nov
Q WI,Qnity Electronics Inc
SRV RT WI,NXG Cushing Midstream Energy Rights Exp 11th Dec 2025 When Issued
GFR RT WI,Greenfire Resources Rights Exp 16th Dec 2025
AIIA RT,AI Infrastructure Acquisition Rights Class A
RWTQ,Redwood 9 5 Senior Notes Due 2030
ABXL,Abacus Global Management 9 875 Fixed Rate Senior Notes due 2028
HYT RT WI,BlackRock Corporate High Yield Rights Expiry 26 January 2026 When Issued
RITM PR F,Rithm Capital 8 750 Fixed Rate Reset Cumulative Redeemable Prf Shs Series F
TSI RT WI,TCW Strategic Income Fd Rights Exp 18 March 2026 When Issued
WPAC RT,White Pearl Acquisition Rights Exp 10 Sep 2030
GAB RT WI,Gabelli Equity Trust Rights Exp 14 April 2026 When Issued
NEE PR V,Nextera Energy 7 375 Corporate Units
BUI RT WI,BlackRock Utilities Infrastructure Power Opportunities Rights Exp 2 April 2026
XFLH RT,XFLH Capital Rights
NEE PR W,NextEra Energy Capital Holdings Junior Subordinated Debentures Series Z due
VGNT WI,Versigent Ltd
NXG RT WI,NXG NextGen Infrastructure Income Rights When Issued
SAGU RT,Shreya Acquisition Group Rights
SAGU,Shreya Acquisition Group
TYG RT,Tortoise Energy Infrastructure Rights Expiry 17th June 2026
TYG RT WI,Tortoise Energy Infrastructure Rights When Issued Expiry 17th June 2026
VECA RT,Vernal Capital Acquisition Rights
WENC RT,West Enclave Merger Rights
NXG RT,NXG Nextgen Infrastructure Income Rights
GLED RT,GalaxyEdge Acquisition Rights
TRAD RT,Apex Tech Acquisition Rights
QRED RT,QuasarEdge Acquisition Rights
SEMR,SEMrush Holdings Inc
PRO,Pros Holdings Inc
KUKE,Kuke Music Holding Ltd ADR
SRL,Scully Royalty Ltd
QVCD,QVC 6.375% Senior Secured Notes Exp 13 Sep 2067
QVCC,QVC 6.250 Senior Secured Notes due 2068
